id,data_inversa,dia_semana,horario,uf,br,km,municipio,causa_acidente,tipo_acidente,classificacao_acidente,fase_dia,sentido_via,condicao_metereologica,tipo_pista,tracado_via,uso_solo,pessoas,mortos,feridos_leves,feridos_graves,ilesos,ignorados,feridos,veiculos
83440904,20/02/16,Sábado,15:00:00,RN,110,"112,1",CAMPO GRANDE,Outras,Saída de Pista,Com Vítimas Feridas,Pleno dia,Decrescente,Ceu Claro,Simples,Curva,Rural,2,0,0,2,0,0,2,1
83440933,20/02/16,Sábado,22:00:00,RN,101,"160,9",CANGUARETAMA,Ingestão de álcool,Colisão Transversal,Sem Vítimas,Plena noite,Decrescente,Ceu Claro,Dupla,Reta,Urbano,2,0,0,0,2,0,0,2
83440945,20/02/16,Sábado,11:10:00,RN,405,"0,7",MOSSORO,Falta de atenção,Queda de motocicleta / bicicleta / veículo,Com Vítimas Feridas,Pleno dia,Crescente,Ceu Claro,Dupla,Reta,Urbano,2,0,1,0,1,0,1,2
83440947,20/02/16,Sábado,20:20:00,RN,304,50,MOSSORO,Ingestão de álcool,Queda de motocicleta / bicicleta / veículo,Com Vítimas Feridas,Plena noite,Crescente,Nublado,Simples,Reta,Rural,1,0,1,0,0,0,1,1
83440953,20/02/16,Sábado,18:40:00,RN,405,"1,1",MOSSORO,Outras,Atropelamento de pessoa,Com Vítimas Feridas,Plena noite,Decrescente,Ceu Claro,Dupla,Reta,Urbano,3,0,3,0,0,0,3,1
83440959,20/02/16,Sábado,16:00:00,RN,304,"34,4",MOSSORO,Falta de atenção,Colisão traseira,Com Vítimas Feridas,Pleno dia,Crescente,Sol,Dupla,Reta,Urbano,2,0,0,1,1,0,1,2
83441013,19/02/16,Sexta,14:00:00,RN,304,42,MOSSORO,Defeito na via,Saída de Pista,Sem Vítimas,Pleno dia,Decrescente,Chuva,Dupla,Reta,Rural,1,0,0,0,1,0,0,1
83441050,21/02/16,Domingo,05:30:00,RN,110,5,AREIA BRANCA,Outras,Colisão traseira,Com Vítimas Feridas,Amanhecer,Decrescente,Ceu Claro,Simples,Reta,Rural,2,0,0,1,0,1,1,2
83441123,21/02/16,Domingo,14:55:00,RN,304,296,MACAIBA,Falta de atenção,Colisão traseira,Com Vítimas Feridas,Pleno dia,Crescente,Sol,Simples,Cruzamento,Urbano,2,0,0,1,1,0,1,2
83441144,21/02/16,Domingo,15:05:00,RN,406,"110,7",POCO BRANCO,Outras,Colisão traseira,Sem Vítimas,Pleno dia,Crescente,Ceu Claro,Simples,Reta,Rural,2,0,0,0,1,1,0,2
83441158,21/02/16,Domingo,15:45:00,RN,110,"13,8",AREIA BRANCA,Defeito mecânico em veículo,Queda de motocicleta / bicicleta / veículo,Com Vítimas Feridas,Pleno dia,Crescente,Nublado,Simples,Reta,Rural,3,0,2,1,0,0,3,2
83441408,22/02/16,Segunda,16:30:00,RN,110,"50,1",MOSSORO,Falta de atenção,Colisão traseira,Com Vítimas Feridas,Pleno dia,Decrescente,Nublado,Dupla,Reta,Urbano,2,0,1,0,0,1,1,2
83441500,19/02/16,Sexta,07:20:00,RN,101,"84,5",SAO GONCALO DO AMARANTE,Não guardar distância de segurança,Colisão traseira,Com Vítimas Feridas,Pleno dia,Crescente,Nublado,Dupla,Reta,Urbano,5,0,1,0,3,1,1,5
83441693,23/02/16,Terça,13:20:00,RN,101,"83,9",SAO GONCALO DO AMARANTE,Falta de atenção,Colisão traseira,Com Vítimas Feridas,Pleno dia,Crescente,Nublado,Dupla,Reta,Urbano,2,0,1,0,1,0,1,2
83441918,13/02/16,Sábado,18:10:00,RN,110,"46,2",MOSSORO,Falta de atenção,Colisão Transversal,Com Vítimas Feridas,Plena noite,Crescente,Ignorada,Simples,Reta,Urbano,3,0,1,0,1,1,1,2
83442066,24/02/16,Quarta,20:40:00,RN,304,"56,6",MOSSORO,Animais na Pista,Atropelamento de animal,Sem Vítimas,Plena noite,Crescente,Ceu Claro,Simples,Reta,Rural,1,0,0,0,1,0,0,1
83442080,24/02/16,Quarta,09:30:00,RN,101,"162,5",CANGUARETAMA,Não guardar distância de segurança,Colisão lateral,Com Vítimas Feridas,Pleno dia,Decrescente,Sol,Múltipla,Reta,Urbano,2,0,1,0,1,0,1,2
83442257,23/02/16,Terça,18:30:00,RN,101,"100,8",NATAL,Outras,Queda de motocicleta / bicicleta / veículo,Com Vítimas Feridas,Plena noite,Crescente,Ceu Claro,Dupla,Reta,Urbano,1,0,1,0,0,0,1,1
83442360,25/02/16,Quinta,10:00:00,RN,101,125,SAO JOSE DE MIPIBU,Dormindo,Colisão Transversal,Com Vítimas Feridas,Pleno dia,Decrescente,Ceu Claro,Dupla,Cruzamento,Urbano,3,0,1,0,2,0,1,3
83442380,21/02/16,Domingo,22:40:00,RN,226,"119,9",SANTA CRUZ,Animais na Pista,Atropelamento de animal,Sem Vítimas,Plena noite,Crescente,Ceu Claro,Simples,Reta,Rural,1,0,0,0,1,0,0,1
83442411,25/02/16,Quinta,22:50:00,RN,101,"76,8",NATAL,Ingestão de álcool,Colisão lateral,Sem Vítimas,Plena noite,Decrescente,Ceu Claro,Dupla,Reta,Urbano,2,0,0,0,2,0,0,2
83442417,25/02/16,Quinta,22:00:00,RN,304,264,SANTA MARIA,Animais na Pista,Capotamento,Com Vítimas Feridas,Plena noite,Decrescente,Ceu Claro,Simples,Reta,Rural,2,0,1,1,0,0,2,1
83442515,26/02/16,Sexta,06:30:00,RN,226,"8,5",MACAIBA,Não guardar distância de segurança,Colisão traseira,Com Vítimas Feridas,Pleno dia,Crescente,Ceu Claro,Simples,Curva,Urbano,3,0,1,1,1,0,2,2
83442526,26/02/16,Sexta,09:00:00,RN,101,58,CEARA-MIRIM,Falta de atenção,Colisão com objeto móvel,Sem Vítimas,Pleno dia,Crescente,Ceu Claro,Simples,Cruzamento,Rural,1,0,0,0,1,0,0,1
83442535,17/02/16,Quarta,20:00:00,RN,226,"81,7",TANGARA,Outras,Colisão Transversal,Com Vítimas Feridas,Plena noite,Crescente,Ceu Claro,Simples,Reta,Rural,2,0,1,0,1,0,1,2
83442542,26/02/16,Sexta,06:40:00,RN,406,104,JOAO CAMARA,Não guardar distância de segurança,Colisão traseira,Com Vítimas Feridas,Pleno dia,Decrescente,Sol,Simples,Reta,Urbano,3,0,1,1,0,1,2,2
83442879,23/02/16,Terça,10:00:00,RN,406,161,CEARA-MIRIM,Outras,Queda de motocicleta / bicicleta / veículo,Com Vítimas Feridas,Pleno dia,Crescente,Ceu Claro,Simples,Reta,Urbano,1,0,1,0,0,0,1,1
83442912,27/02/16,Sábado,17:20:00,RN,101,106,PARNAMIRIM,Falta de atenção,Colisão traseira,Com Vítimas Feridas,Pleno dia,Decrescente,Sol,Dupla,Reta,Urbano,2,0,1,0,0,1,1,2
83442919,27/02/16,Sábado,18:30:00,RN,101,"99,9",NATAL,Falta de atenção,Colisão traseira,Sem Vítimas,Anoitecer,Decrescente,Ceu Claro,Dupla,Reta,Urbano,2,0,0,0,2,0,0,2
83442944,27/02/16,Sábado,18:00:00,RN,101,"159,5",CANGUARETAMA,Outras,Atropelamento de pessoa,Com Vítimas Fatais,Plena noite,Crescente,Ceu Claro,Dupla,Reta,Urbano,2,1,0,0,0,1,0,1
83443233,29/02/16,Segunda,04:35:00,RN,101,"82,9",SAO GONCALO DO AMARANTE,Outras,Colisão frontal,Sem Vítimas,Amanhecer,Crescente,Vento,Dupla,Cruzamento,Urbano,2,0,0,0,2,0,0,2
83443276,28/02/16,Domingo,05:10:00,RN,406,"106,1",JOAO CAMARA,Outras,Capotamento,Com Vítimas Fatais,Pleno dia,Crescente,Ceu Claro,Simples,Reta,Urbano,3,1,1,1,0,0,2,1
83443503,29/02/16,Segunda,18:10:00,RN,101,95,NATAL,Falta de atenção,Atropelamento de pessoa,Com Vítimas Feridas,Plena noite,Decrescente,Ceu Claro,Dupla,Reta,Urbano,2,0,1,1,0,0,2,1
83443525,29/02/16,Segunda,16:15:00,RN,110,"49,6",MOSSORO,Ingestão de álcool,Colisão lateral,Com Vítimas Feridas,Pleno dia,Decrescente,Ceu Claro,Dupla,Reta,Urbano,2,0,2,0,0,0,2,2
83443534,29/02/16,Segunda,18:25:00,RN,110,"67,5",MOSSORO,Animais na Pista,Saída de Pista,Com Vítimas Feridas,Plena noite,Decrescente,Ignorada,Simples,Reta,Rural,2,0,1,1,0,0,2,1
83443709,01/03/16,Terça,12:40:00,RN,406,163,SAO GONCALO DO AMARANTE,Falta de atenção,Colisão Transversal,Sem Vítimas,Pleno dia,Decrescente,Ceu Claro,Simples,Reta,Rural,2,0,0,0,2,0,0,2
83443822,01/03/16,Terça,18:00:00,RN,304,"48,4",MOSSORO,Outras,Colisão traseira,Com Vítimas Feridas,Plena noite,Crescente,Ceu Claro,Dupla,Reta,Urbano,2,0,1,0,0,1,1,2
83443847,01/03/16,Terça,19:50:00,RN,405,4,MOSSORO,Outras,Saída de Pista,Com Vítimas Feridas,Plena noite,Crescente,Ceu Claro,Simples,Reta,Urbano,1,0,1,0,0,0,1,1
83444085,02/03/16,Quarta,18:55:00,RN,101,99,NATAL,Falta de atenção,Colisão lateral,Com Vítimas Feridas,Plena noite,Decrescente,Ceu Claro,Múltipla,Reta,Urbano,3,0,2,1,0,0,3,2
83444379,03/03/16,Quinta,12:00:00,RN,101,"95,3",NATAL,Desobediência à sinalização,Colisão traseira,Com Vítimas Feridas,Pleno dia,Crescente,Chuva,Dupla,Reta,Urbano,4,0,2,0,2,0,2,3
83444409,19/02/16,Sexta,07:00:00,RN,304,42,MOSSORO,Outras,Queda de motocicleta / bicicleta / veículo,Com Vítimas Feridas,Pleno dia,Decrescente,Sol,Dupla,Reta,Urbano,1,0,1,0,0,0,1,1
83444464,21/02/16,Domingo,22:35:00,RN,101,"78,5",NATAL,Animais na Pista,Atropelamento de animal,Com Vítimas Fatais,Plena noite,Decrescente,Ceu Claro,Dupla,Reta,Urbano,2,2,0,0,0,0,0,1
83444554,04/03/16,Sexta,10:00:00,RN,101,84,NATAL,Outras,Colisão Transversal,Com Vítimas Feridas,Pleno dia,Decrescente,Ceu Claro,Dupla,Reta,Urbano,2,0,1,0,1,0,1,2
83444611,04/03/16,Sexta,11:40:00,RN,427,"110,3",CAICO,Outras,Tombamento,Sem Vítimas,Pleno dia,Decrescente,Ceu Claro,Simples,Curva,Rural,1,0,0,0,1,0,0,1
83444654,04/03/16,Sexta,07:20:00,RN,110,"47,5",MOSSORO,Falta de atenção,Colisão Transversal,Com Vítimas Feridas,Plena noite,Decrescente,Ignorada,Simples,Cruzamento,Urbano,2,0,1,0,1,0,1,2
83444667,04/03/16,Sexta,16:20:00,RN,304,28,MOSSORO,Defeito na via,Colisão Transversal,Com Vítimas Feridas,Pleno dia,Crescente,Chuva,Simples,Reta,Urbano,3,0,1,0,2,0,1,3
83444680,08/01/16,Sexta,13:45:00,RN,226,"139,7",CAMPO REDONDO,Defeito mecânico em veículo,Capotamento,Sem Vítimas,Pleno dia,Crescente,Sol,Simples,Reta,Rural,3,0,0,0,3,0,0,1
83444825,05/03/16,Sábado,06:10:00,RN,304,"306,5",PARNAMIRIM,Ingestão de álcool,Colisão frontal,Com Vítimas Fatais,Pleno dia,Crescente,Ceu Claro,Múltipla,Reta,Urbano,2,1,0,0,1,0,0,2
83444832,05/03/16,Sábado,07:45:00,RN,110,"42,5",MOSSORO,Animais na Pista,Atropelamento de animal,Com Vítimas Feridas,Pleno dia,Crescente,Sol,Simples,Reta,Rural,1,0,0,1,0,0,1,1
83445039,05/03/16,Sábado,05:00:00,RN,304,46,MOSSORO,Ingestão de álcool,Queda de motocicleta / bicicleta / veículo,Com Vítimas Feridas,Amanhecer,Crescente,Ceu Claro,Simples,Reta,Urbano,3,0,3,0,0,0,3,2
83445236,06/03/16,Domingo,18:10:00,RN,427,"132,1",SERRA NEGRA DO NORTE,Outras,Colisão com objeto fixo,Com Vítimas Fatais,Anoitecer,Crescente,Ceu Claro,Simples,Reta,Rural,1,1,0,0,0,0,0,1
83445238,06/03/16,Domingo,12:40:00,RN,405,"175,8",JOSE DA PENHA,Ingestão de álcool,Capotamento,Com Vítimas Feridas,Pleno dia,Crescente,Ceu Claro,Simples,Reta,Rural,5,0,1,3,1,0,4,2
83445271,06/03/16,Domingo,22:30:00,RN,226,4,NATAL,Outras,Atropelamento de pessoa,Com Vítimas Feridas,Plena noite,Crescente,Ceu Claro,Simples,Reta,Urbano,3,0,1,2,0,0,3,1
83445275,06/03/16,Domingo,21:00:00,RN,226,8,MACAIBA,Outras,Colisão lateral,Sem Vítimas,Plena noite,Decrescente,Ceu Claro,Simples,Reta,Urbano,2,0,0,0,1,1,0,2
83445285,06/03/16,Domingo,22:10:00,RN,406,108,JOAO CAMARA,Animais na Pista,Atropelamento de animal,Sem Vítimas,Plena noite,Crescente,Ceu Claro,Simples,Reta,Urbano,1,0,0,0,1,0,0,1
83445362,23/01/16,Sábado,23:50:00,RN,304,36,MOSSORO,Desobediência à sinalização,Colisão lateral,Com Vítimas Feridas,Plena noite,Crescente,Nublado,Dupla,Reta,Urbano,2,0,1,0,0,1,1,2
83445384,03/03/16,Quinta,08:00:00,RN,101,"96,1",NATAL,Não guardar distância de segurança,Colisão traseira,Com Vítimas Feridas,Plena noite,Crescente,Ceu Claro,Dupla,Curva,Urbano,2,0,0,1,0,1,1,2
83445394,07/03/16,Segunda,08:20:00,RN,101,99,NATAL,Não guardar distância de segurança,Colisão lateral,Com Vítimas Feridas,Pleno dia,Decrescente,Ceu Claro,Dupla,Reta,Urbano,4,0,2,0,2,0,2,3
83445576,07/03/16,Segunda,10:00:00,RN,405,"161,4",RODOLFO FERNANDES,Ultrapassagem indevida,Colisão frontal,Com Vítimas Feridas,Pleno dia,Crescente,Sol,Simples,Reta,Rural,2,0,0,1,1,0,1,2
83445582,08/03/16,Terça,02:00:00,RN,101,128,SAO JOSE DE MIPIBU,Ingestão de álcool,Saída de Pista,Com Vítimas Feridas,Plena noite,Crescente,Ceu Claro,Dupla,Reta,Urbano,1,0,1,0,0,0,1,1
83445716,08/03/16,Terça,13:50:00,RN,406,167,SAO GONCALO DO AMARANTE,Outras,Tombamento,Sem Vítimas,Pleno dia,Decrescente,Ceu Claro,Dupla,Reta,Rural,1,0,0,0,1,0,0,1
83445738,08/03/16,Terça,16:00:00,RN,304,47,MOSSORO,Outras,Colisão com objeto fixo,Com Vítimas Feridas,Pleno dia,Decrescente,Chuva,Dupla,Reta,Urbano,1,0,1,0,0,0,1,1
83445740,08/03/16,Terça,05:30:00,RN,405,"163,5",RAFAEL FERNANDES,Animais na Pista,Capotamento,Com Vítimas Feridas,Amanhecer,Decrescente,Ceu Claro,Simples,Reta,Rural,1,0,0,1,0,0,1,1
83445864,26/02/16,Sexta,20:20:00,RN,226,2,NATAL,Ingestão de álcool,Colisão lateral,Sem Vítimas,Plena noite,Crescente,Ceu Claro,Simples,Reta,Urbano,2,0,0,0,2,0,0,2
83445873,05/03/16,Sábado,13:45:00,RN,101,"98,8",NATAL,Outras,Atropelamento de pessoa,Com Vítimas Feridas,Pleno dia,Crescente,Ceu Claro,Dupla,Reta,Urbano,2,0,0,1,1,0,1,1
83445893,09/03/16,Quarta,07:40:00,RN,304,"34,5",MOSSORO,Outras,Colisão lateral,Com Vítimas Feridas,Pleno dia,Crescente,Sol,Simples,Reta,Urbano,2,0,1,0,1,0,1,2
83445906,03/01/16,Domingo,16:07:00,RN,110,63,MOSSORO,Animais na Pista,Saída de Pista,Com Vítimas Feridas,Pleno dia,Decrescente,Ignorada,Simples,Reta,Rural,2,0,2,0,0,0,2,1
83445915,05/03/16,Sábado,19:33:00,RN,304,133,IPANGUACU,Ultrapassagem indevida,Colisão frontal,Com Vítimas Feridas,Plena noite,Decrescente,Ceu Claro,Simples,Reta,Rural,7,0,6,1,0,0,7,2
83446064,05/03/16,Sábado,08:30:00,RN,110,"83,3",UPANEMA,Outras,Incêndio,Ignorado,Pleno dia,Decrescente,Sol,Simples,Reta,Rural,1,0,0,0,0,1,0,1
83446132,09/03/16,Quarta,18:05:00,RN,101,"106,8",PARNAMIRIM,Não guardar distância de segurança,Colisão lateral,Com Vítimas Feridas,Plena noite,Crescente,Ceu Claro,Dupla,Reta,Urbano,3,0,1,0,1,1,1,2
83446264,10/03/16,Quinta,13:30:00,RN,101,147,GOIANINHA,Falta de atenção,Colisão traseira,Com Vítimas Feridas,Pleno dia,Crescente,Ceu Claro,Dupla,Reta,Urbano,4,0,1,0,3,0,1,3
83446281,14/01/16,Quinta,11:20:00,RN,101,107,PARNAMIRIM,Outras,Colisão traseira,Com Vítimas Feridas,Pleno dia,Decrescente,Chuva,Dupla,Reta,Urbano,4,0,1,0,1,2,1,4
83446300,07/03/16,Segunda,18:40:00,RN,405,"156,9",PAU DOS FERROS,Outras,Colisão lateral,Com Vítimas Feridas,Plena noite,Crescente,Ceu Claro,Simples,Reta,Rural,2,0,0,1,1,0,1,2
83446369,10/03/16,Quinta,18:40:00,RN,405,"195,8",LUIS GOMES,Animais na Pista,Atropelamento de animal,Com Vítimas Feridas,Plena noite,Decrescente,Ceu Claro,Simples,Reta,Urbano,1,0,0,1,0,0,1,1
83446412,27/01/16,Quarta,08:00:00,RN,101,148,GOIANINHA,Outras,Colisão com objeto fixo,Com Vítimas Feridas,Pleno dia,Decrescente,Ceu Claro,Dupla,Reta,Urbano,1,0,0,1,0,0,1,1
83446462,11/01/16,Segunda,09:30:00,RN,101,"97,7",NATAL,Não guardar distância de segurança,Colisão traseira,Sem Vítimas,Pleno dia,Decrescente,Nublado,Dupla,Reta,Urbano,3,0,0,0,3,0,0,3
83446463,12/01/16,Terça,16:35:00,RN,101,104,PARNAMIRIM,Desobediência à sinalização,Colisão traseira,Com Vítimas Feridas,Pleno dia,Crescente,Ceu Claro,Dupla,Cruzamento,Urbano,2,0,1,0,1,0,1,2
83446511,02/02/16,Terça,10:30:00,RN,304,296,MACAIBA,Não guardar distância de segurança,Colisão traseira,Com Vítimas Feridas,Pleno dia,Crescente,Sol,Simples,Reta,Rural,3,0,1,0,2,0,1,2
83446575,11/03/16,Sexta,07:00:00,RN,110,"45,3",MOSSORO,Outras,Colisão Transversal,Com Vítimas Feridas,Pleno dia,Decrescente,Sol,Simples,Reta,Urbano,2,0,1,0,0,1,1,2
83446585,11/03/16,Sexta,15:40:00,RN,101,101,PARNAMIRIM,Desobediência à sinalização,Colisão Transversal,Com Vítimas Feridas,Pleno dia,Crescente,Ceu Claro,Dupla,Cruzamento,Urbano,2,0,0,1,1,0,1,2
83446593,11/03/16,Sexta,14:00:00,RN,101,"99,8",NATAL,Falta de atenção,Colisão traseira,Sem Vítimas,Pleno dia,Decrescente,Ceu Claro,Múltipla,Cruzamento,Urbano,2,0,0,0,2,0,0,2
83446617,11/03/16,Sexta,19:15:00,RN,101,"94,5",NATAL,Falta de atenção,Colisão lateral,Sem Vítimas,Plena noite,Crescente,Ceu Claro,Múltipla,Cruzamento,Urbano,2,0,0,0,2,0,0,2
83446677,11/03/16,Sexta,20:00:00,RN,406,130,TAIPU,Ingestão de álcool,Colisão lateral,Sem Vítimas,Plena noite,Decrescente,Ceu Claro,Simples,Reta,Urbano,2,0,0,0,2,0,0,2
83446757,12/03/16,Sábado,04:30:00,RN,427,97,CAICO,Animais na Pista,Atropelamento de animal,Com Vítimas Feridas,Plena noite,Decrescente,Ceu Claro,Simples,Reta,Rural,3,0,2,0,1,0,2,2
83446797,12/03/16,Sábado,08:00:00,RN,304,"135,1",ANGICOS,Dormindo,Saída de Pista,Com Vítimas Feridas,Pleno dia,Decrescente,Sol,Simples,Reta,Rural,4,0,2,1,1,0,3,1
83446824,12/03/16,Sábado,13:00:00,RN,304,"38,6",MOSSORO,Falta de atenção,Colisão Transversal,Sem Vítimas,Pleno dia,Decrescente,Sol,Dupla,Cruzamento,Urbano,2,0,0,0,2,0,0,2
83446846,12/03/16,Sábado,13:20:00,RN,101,107,PARNAMIRIM,Desobediência à sinalização,Colisão Transversal,Com Vítimas Feridas,Pleno dia,Crescente,Ceu Claro,Dupla,Cruzamento,Urbano,2,0,1,0,1,0,1,2
83446865,10/03/16,Quinta,18:45:00,RN,406,"140,5",CEARA-MIRIM,Outras,Capotamento,Com Vítimas Fatais,Plena noite,Decrescente,Ceu Claro,Simples,Reta,Rural,4,1,2,1,0,0,3,1
83446937,12/03/16,Sábado,09:30:00,RN,101,97,NATAL,Falta de atenção,Colisão traseira,Com Vítimas Feridas,Pleno dia,Decrescente,Ceu Claro,Simples,Curva,Urbano,2,0,1,0,1,0,1,2
83446960,12/03/16,Sábado,13:10:00,RN,226,"33,1",MACAIBA,Não guardar distância de segurança,Colisão Transversal,Com Vítimas Feridas,Pleno dia,Crescente,Ceu Claro,Simples,Curva,Rural,2,0,0,1,1,0,1,2
83446961,12/03/16,Sábado,17:50:00,RN,304,"284,7",MACAIBA,Ultrapassagem indevida,Colisão Transversal,Com Vítimas Feridas,Plena noite,Crescente,Ceu Claro,Simples,Reta,Rural,3,0,1,0,2,0,1,3
83447095,13/03/16,Domingo,06:40:00,RN,406,153,CEARA-MIRIM,Não guardar distância de segurança,Colisão traseira,Sem Vítimas,Pleno dia,Decrescente,Sol,Simples,Reta,Rural,2,0,0,0,2,0,0,2
83447218,20/01/16,Quarta,06:00:00,RN,101,"104,4",PARNAMIRIM,Não guardar distância de segurança,Colisão traseira,Com Vítimas Feridas,Pleno dia,Decrescente,Nublado,Dupla,Curva,Urbano,2,0,2,0,0,0,2,2
83447243,10/03/16,Quinta,01:30:00,RN,427,"87,2",CAICO,Outras,Tombamento,Com Vítimas Feridas,Plena noite,Crescente,Ceu Claro,Simples,Curva,Rural,2,0,2,0,0,0,2,1
83447246,13/03/16,Domingo,12:10:00,RN,110,"47,1",MOSSORO,Falta de atenção,Colisão traseira,Com Vítimas Feridas,Pleno dia,Decrescente,Ceu Claro,Simples,Reta,Urbano,2,0,1,0,1,0,1,2
83447267,13/03/16,Domingo,15:50:00,RN,226,"163,6",CURRAIS NOVOS,Outras,Colisão frontal,Com Vítimas Fatais,Pleno dia,Crescente,Sol,Simples,Reta,Rural,3,1,0,2,0,0,2,2
83447271,13/03/16,Domingo,18:20:00,RN,101,"163,9",CANGUARETAMA,Ingestão de álcool,Saída de Pista,Sem Vítimas,Plena noite,Decrescente,Ceu Claro,Dupla,Reta,Rural,1,0,0,0,1,0,0,1
83447580,14/03/16,Segunda,09:10:00,RN,110,1,AREIA BRANCA,Falta de atenção,Colisão traseira,Com Vítimas Feridas,Pleno dia,Decrescente,Ceu Claro,Simples,Reta,Urbano,2,0,2,0,0,0,2,2
83447745,15/03/16,Terça,12:30:00,RN,304,43,MOSSORO,Outras,Colisão com objeto fixo,Com Vítimas Feridas,Pleno dia,Decrescente,Ceu Claro,Dupla,Reta,Urbano,3,0,1,0,2,0,1,1
83447763,15/03/16,Terça,11:30:00,RN,226,"5,7",NATAL,Velocidade incompatível,Capotamento,Ignorado,Pleno dia,Decrescente,Ceu Claro,Simples,Reta,Urbano,1,0,0,0,0,1,0,1
83447801,15/03/16,Terça,17:20:00,RN,427,"101,7",CAICO,Outras,Colisão Transversal,Com Vítimas Feridas,Pleno dia,Decrescente,Ceu Claro,Simples,Curva,Urbano,2,0,1,0,1,0,1,2
83447804,15/03/16,Terça,18:10:00,RN,110,"49,9",MOSSORO,Não guardar distância de segurança,Colisão traseira,Com Vítimas Feridas,Plena noite,Crescente,Ceu Claro,Dupla,Reta,Urbano,2,0,1,0,1,0,1,2
83447884,15/03/16,Terça,19:20:00,RN,110,"47,5",MOSSORO,Outras,Colisão Transversal,Com Vítimas Feridas,Plena noite,Decrescente,Ceu Claro,Simples,Reta,Urbano,2,0,0,1,1,0,1,2
83447935,09/02/16,Terça,16:30:00,RN,101,"108,6",PARNAMIRIM,Desobediência à sinalização,Colisão Transversal,Com Vítimas Feridas,Pleno dia,Decrescente,Ceu Claro,Dupla,Cruzamento,Urbano,3,0,1,1,0,1,2,2
83447948,12/01/16,Terça,17:15:00,RN,101,84,SAO GONCALO DO AMARANTE,Ingestão de álcool,Colisão lateral,Sem Vítimas,Pleno dia,Crescente,Ceu Claro,Dupla,Reta,Urbano,2,0,0,0,2,0,0,2
83448203,16/01/16,Sábado,13:10:00,RN,226,"102,6",SANTA CRUZ,Ingestão de álcool,Colisão lateral,Sem Vítimas,Pleno dia,Crescente,Sol,Simples,Reta,Rural,2,0,0,0,2,0,0,2
83448362,01/01/16,Sexta,17:10:00,RN,101,"45,7",MAXARANGUAPE,Outras,Capotamento,Ignorado,Pleno dia,Decrescente,Sol,Simples,Reta,Rural,1,0,0,0,0,1,0,1
83448379,17/03/16,Quinta,18:10:00,RN,101,103,PARNAMIRIM,Não guardar distância de segurança,Colisão traseira,Com Vítimas Feridas,Plena noite,Decrescente,Ceu Claro,Múltipla,Reta,Urbano,3,0,2,0,1,0,2,3
83448426,17/03/16,Quinta,20:05:00,RN,304,"43,8",MOSSORO,Ingestão de álcool,Colisão traseira,Com Vítimas Feridas,Plena noite,Decrescente,Nublado,Dupla,Reta,Rural,2,0,1,0,1,0,1,2
83448451,17/03/16,Quinta,17:25:00,RN,304,"47,7",MOSSORO,Falta de atenção,Queda de motocicleta / bicicleta / veículo,Com Vítimas Feridas,Pleno dia,Crescente,Ceu Claro,Dupla,Reta,Urbano,1,0,1,0,0,0,1,1
83448507,16/01/16,Sábado,20:40:00,RN,405,"3,1",MOSSORO,Desobediência à sinalização,Colisão Transversal,Com Vítimas Feridas,Plena noite,Crescente,Ceu Claro,Simples,Reta,Urbano,2,0,1,0,0,1,1,2
83448525,05/03/16,Sábado,20:14:00,RN,406,151,CEARA-MIRIM,Outras,Colisão Transversal,Com Vítimas Feridas,Plena noite,Crescente,Ceu Claro,Simples,Reta,Urbano,2,0,1,0,1,0,1,2
83448564,18/03/16,Sexta,11:30:00,RN,110,"46,8",MOSSORO,Desobediência à sinalização,Colisão Transversal,Com Vítimas Feridas,Pleno dia,Crescente,Sol,Simples,Cruzamento,Urbano,2,0,1,0,1,0,1,2
83448699,18/03/16,Sexta,20:00:00,RN,101,"99,8",NATAL,Ingestão de álcool,Colisão lateral,Sem Vítimas,Plena noite,Crescente,Ceu Claro,Dupla,Reta,Urbano,2,0,0,0,2,0,0,2
83448752,19/03/16,Sábado,01:50:00,RN,101,"82,9",SAO GONCALO DO AMARANTE,Desobediência à sinalização,Colisão Transversal,Sem Vítimas,Plena noite,Crescente,Ceu Claro,Dupla,Cruzamento,Urbano,2,0,0,0,1,1,0,2
83448753,14/03/16,Segunda,18:30:00,RN,110,"44,3",MOSSORO,Animais na Pista,Atropelamento de animal,Com Vítimas Feridas,Plena noite,Crescente,Ceu Claro,Simples,Reta,Urbano,2,0,0,1,1,0,1,1