id,data_inversa,dia_semana,horario,uf,br,km,municipio,causa_acidente,tipo_acidente,classificacao_acidente,fase_dia,sentido_via,condicao_metereologica,tipo_pista,tracado_via,uso_solo,pessoas,mortos,feridos_leves,feridos_graves,ilesos,ignorados,feridos,veiculos
83464280,12/05/16,Quinta,17:45:00,RN,101,97,NATAL,Não guardar distância de segurança,Colisão traseira,Com Vítimas Feridas,Anoitecer,Crescente,Ignorada,Múltipla,Reta,Urbano,4,0,1,1,2,0,2,3
83464323,08/05/16,Domingo,21:50:00,RN,427,"97,9",CAICO,Falta de atenção,Colisão frontal,Com Vítimas Feridas,Plena noite,Crescente,Ceu Claro,Simples,Reta,Urbano,2,0,1,1,0,0,2,2
83464404,13/05/16,Sexta,09:20:00,RN,226,"101,2",SANTA CRUZ,Dormindo,Colisão lateral,Com Vítimas Feridas,Pleno dia,Crescente,Ceu Claro,Simples,Curva,Rural,4,0,2,2,0,0,4,2
83464510,13/05/16,Sexta,18:10:00,RN,304,34,MOSSORO,Falta de atenção,Colisão lateral,Sem Vítimas,Plena noite,Crescente,Ceu Claro,Dupla,Reta,Urbano,2,0,0,0,2,0,0,2
83464526,09/05/16,Segunda,08:00:00,RN,304,"226,4",CAICARA DO RIO DO VENTO,Velocidade incompatível,Colisão traseira,Sem Vítimas,Pleno dia,Crescente,Nublado,Simples,Reta,Rural,3,0,0,0,3,0,0,3
83464696,14/05/16,Sábado,11:00:00,RN,110,33,MOSSORO,Outras,Saída de Pista,Com Vítimas Fatais,Pleno dia,Crescente,Ceu Claro,Simples,Reta,Rural,1,1,0,0,0,0,0,1
83464815,14/05/16,Sábado,18:10:00,RN,226,"119,1",SANTA CRUZ,Velocidade incompatível,Colisão traseira,Sem Vítimas,Plena noite,Decrescente,Ceu Claro,Simples,Curva,Rural,3,0,0,0,3,0,0,3
83464829,14/05/16,Sábado,22:00:00,RN,304,35,MOSSORO,Falta de atenção,Colisão traseira,Sem Vítimas,Plena noite,Crescente,Ceu Claro,Dupla,Cruzamento,Urbano,2,0,0,0,2,0,0,2
83464871,10/05/16,Terça,11:40:00,RN,101,"80,3",SAO GONCALO DO AMARANTE,Falta de atenção,Colisão Transversal,Com Vítimas Feridas,Pleno dia,Crescente,Ceu Claro,Dupla,Reta,Urbano,2,0,1,0,1,0,1,2
83464915,31/01/16,Domingo,13:00:00,RN,304,46,MOSSORO,Falta de atenção,Queda de motocicleta / bicicleta / veículo,Com Vítimas Feridas,Pleno dia,Crescente,Nublado,Dupla,Reta,Urbano,2,0,0,2,0,0,2,1
83465000,03/05/16,Terça,10:35:00,RN,101,"138,6",GOIANINHA,Defeito na via,Colisão traseira,Com Vítimas Feridas,Pleno dia,Crescente,Ceu Claro,Dupla,Reta,Rural,2,0,1,0,1,0,1,2
83465065,15/05/16,Domingo,18:20:00,RN,406,170,SAO GONCALO DO AMARANTE,Desobediência à sinalização,Colisão Transversal,Com Vítimas Feridas,Plena noite,Crescente,Ceu Claro,Dupla,Reta,Urbano,2,0,1,0,1,0,1,2
83465078,15/05/16,Domingo,18:00:00,RN,101,103,PARNAMIRIM,Ingestão de álcool,Atropelamento de pessoa,Com Vítimas Feridas,Plena noite,Decrescente,Ceu Claro,Dupla,Reta,Urbano,2,0,1,0,1,0,1,1
83465215,12/05/16,Quinta,22:20:00,RN,304,40,MOSSORO,Animais na Pista,Atropelamento de animal,Com Vítimas Feridas,Plena noite,Decrescente,Nublado,Dupla,Reta,Rural,1,0,1,0,0,0,1,1
83465252,12/05/16,Quinta,06:00:00,RN,304,302,MACAIBA,Dormindo,Saída de Pista,Com Vítimas Feridas,Pleno dia,Decrescente,Ceu Claro,Dupla,Reta,Rural,2,0,0,1,1,0,1,2
83465281,16/05/16,Segunda,14:30:00,RN,101,"99,9",NATAL,Falta de atenção,Colisão traseira,Sem Vítimas,Pleno dia,Crescente,Ceu Claro,Dupla,Reta,Urbano,4,0,0,0,4,0,0,4
83465595,17/05/16,Terça,17:15:00,RN,101,"96,4",NATAL,Outras,Colisão lateral,Sem Vítimas,Anoitecer,Crescente,Chuva,Dupla,Curva,Urbano,3,0,0,0,3,0,0,3
83465598,15/05/16,Domingo,13:50:00,RN,101,"99,9",NATAL,Falta de atenção,Queda de motocicleta / bicicleta / veículo,Com Vítimas Feridas,Pleno dia,Crescente,Ceu Claro,Dupla,Reta,Urbano,1,0,1,0,0,0,1,1
83465622,17/05/16,Terça,15:30:00,RN,427,"8,5",CURRAIS NOVOS,Desobediência à sinalização,Tombamento,Ignorado,Pleno dia,Crescente,Ceu Claro,Simples,Curva,Rural,1,0,0,0,0,1,0,1
83465624,17/05/16,Terça,18:10:00,RN,406,"170,8",SAO GONCALO DO AMARANTE,Defeito mecânico em veículo,Colisão lateral,Com Vítimas Feridas,Anoitecer,Crescente,Nublado,Dupla,Reta,Urbano,2,0,1,0,1,0,1,2
83465678,17/05/16,Terça,22:10:00,RN,101,106,PARNAMIRIM,Ingestão de álcool,Atropelamento de pessoa,Com Vítimas Feridas,Plena noite,Crescente,Nublado,Dupla,Reta,Urbano,2,0,1,1,0,0,2,1
83465820,18/05/16,Quarta,07:30:00,RN,101,"106,1",PARNAMIRIM,Não guardar distância de segurança,Colisão traseira,Com Vítimas Feridas,Pleno dia,Decrescente,Ceu Claro,Dupla,Cruzamento,Urbano,3,0,2,0,1,0,2,2
83465903,18/05/16,Quarta,15:00:00,RN,101,"33,8",RIO DO FOGO,Defeito mecânico em veículo,Incêndio,Sem Vítimas,Pleno dia,Crescente,Ceu Claro,Simples,Reta,Rural,1,0,0,0,1,0,0,1
83465915,18/05/16,Quarta,13:45:00,RN,110,"49,5",MOSSORO,Falta de atenção,Colisão traseira,Com Vítimas Feridas,Pleno dia,Decrescente,Ceu Claro,Dupla,Reta,Urbano,2,0,1,0,1,0,1,2
83466005,16/05/16,Segunda,01:35:00,RN,101,136,GOIANINHA,Velocidade incompatível,Colisão traseira,Com Vítimas Feridas,Plena noite,Crescente,Ceu Claro,Dupla,Reta,Rural,4,0,1,0,3,0,1,4
83466108,17/03/16,Quinta,20:05:00,RN,304,"43,8",MOSSORO,Ingestão de álcool,Colisão traseira,Com Vítimas Feridas,Plena noite,Decrescente,Nublado,Dupla,Reta,Rural,3,0,2,0,1,0,2,2
83466132,19/05/16,Quinta,07:00:00,RN,405,"124,7",TABOLEIRO GRANDE,Outras,Saída de Pista,Com Vítimas Feridas,Pleno dia,Decrescente,Ceu Claro,Simples,Reta,Rural,2,0,1,0,1,0,1,1
83466155,19/05/16,Quinta,15:00:00,RN,101,101,PARNAMIRIM,Não guardar distância de segurança,Colisão traseira,Com Vítimas Feridas,Pleno dia,Decrescente,Ceu Claro,Dupla,Cruzamento,Urbano,3,0,1,0,2,0,1,2
83466168,19/05/16,Quinta,21:00:00,RN,406,169,SAO GONCALO DO AMARANTE,Falta de atenção,Colisão com objeto fixo,Com Vítimas Feridas,Plena noite,Crescente,Ceu Claro,Dupla,Reta,Urbano,1,0,1,0,0,0,1,1
83466377,16/05/16,Segunda,21:55:00,RN,304,"306,5",PARNAMIRIM,Dormindo,Colisão lateral,Com Vítimas Feridas,Plena noite,Crescente,Ceu Claro,Dupla,Reta,Urbano,2,0,1,0,0,1,1,2
83466453,20/05/16,Sexta,18:00:00,RN,101,"107,4",PARNAMIRIM,Falta de atenção,Colisão Transversal,Com Vítimas Feridas,Plena noite,Crescente,Nublado,Dupla,Reta,Urbano,2,0,1,0,1,0,1,2
83466573,21/05/16,Sábado,06:00:00,RN,101,"80,7",SAO GONCALO DO AMARANTE,Falta de atenção,Colisão traseira,Sem Vítimas,Pleno dia,Crescente,Ceu Claro,Dupla,Cruzamento,Urbano,2,0,0,0,2,0,0,2
83466682,21/05/16,Sábado,14:10:00,RN,101,"111,4",PARNAMIRIM,Animais na Pista,Saída de Pista,Com Vítimas Feridas,Pleno dia,Crescente,Ceu Claro,Dupla,Reta,Rural,2,0,2,0,0,0,2,1
83466789,21/05/16,Sábado,20:45:00,RN,405,"121,6",TABOLEIRO GRANDE,Outras,Saída de Pista,Com Vítimas Fatais,Plena noite,Decrescente,Ceu Claro,Simples,Reta,Rural,1,1,0,0,0,0,0,1
83466809,22/05/16,Domingo,01:10:00,RN,406,"101,8",JOAO CAMARA,Animais na Pista,Atropelamento de animal,Ignorado,Plena noite,Crescente,Ceu Claro,Simples,Curva,Rural,2,0,0,0,0,2,0,1
83467003,22/05/16,Domingo,17:00:00,RN,304,"296,7",MACAIBA,Outras,Colisão com bicicleta,Com Vítimas Feridas,Pleno dia,Decrescente,Ceu Claro,Simples,Reta,Urbano,2,0,1,0,1,0,1,2
83467065,22/05/16,Domingo,11:00:00,RN,226,"150,5",CURRAIS NOVOS,Dormindo,Colisão Transversal,Com Vítimas Feridas,Pleno dia,Decrescente,Ceu Claro,Simples,Reta,Rural,2,0,1,0,1,0,1,2
83467144,23/05/16,Segunda,09:31:00,RN,101,"80,7",SAO GONCALO DO AMARANTE,Falta de atenção,Colisão Transversal,Com Vítimas Feridas,Pleno dia,Crescente,Ceu Claro,Dupla,Reta,Urbano,3,0,2,0,1,0,2,2
83467172,22/05/16,Domingo,05:15:00,RN,427,"98,9",CAICO,Outras,Colisão lateral,Com Vítimas Feridas,Amanhecer,Crescente,Ceu Claro,Simples,Reta,Urbano,2,0,1,0,1,0,1,2
83467327,28/03/16,Segunda,18:00:00,RN,304,"290,8",MACAIBA,Outras,Atropelamento de pessoa,Com Vítimas Feridas,Plena noite,Crescente,Ceu Claro,Simples,Reta,Urbano,2,0,0,1,0,1,1,1
83467379,21/05/16,Sábado,18:29:00,RN,101,"94,4",NATAL,Outras,Colisão lateral,Com Vítimas Feridas,Pleno dia,Crescente,Sol,Simples,Reta,Urbano,3,0,2,0,0,1,2,2
83467442,23/05/16,Segunda,21:50:00,RN,101,"66,8",SAO GONCALO DO AMARANTE,Animais na Pista,Atropelamento de animal,Com Vítimas Feridas,Plena noite,Decrescente,Nublado,Simples,Reta,Rural,1,0,1,0,0,0,1,1
83467487,20/05/16,Sexta,09:30:00,RN,304,105,ASSU,Ultrapassagem indevida,Capotamento,Sem Vítimas,Pleno dia,Crescente,Ceu Claro,Simples,Reta,Rural,1,0,0,0,1,0,0,1
83467489,20/05/16,Sexta,22:45:00,RN,304,"293,3",MACAIBA,Falta de atenção,Saída de Pista,Sem Vítimas,Plena noite,Crescente,Ceu Claro,Simples,Reta,Rural,1,0,0,0,1,0,0,1
83467508,24/05/16,Terça,15:00:00,RN,101,"96,5",NATAL,Outras,Colisão lateral,Com Vítimas Feridas,Pleno dia,Crescente,Sol,Múltipla,Curva,Urbano,2,0,0,1,1,0,1,2
83467620,24/05/16,Terça,19:10:00,RN,101,"95,8",NATAL,Não guardar distância de segurança,Colisão traseira,Com Vítimas Feridas,Plena noite,Crescente,Ignorada,Múltipla,Reta,Urbano,5,0,1,0,3,1,1,5
83467743,13/05/16,Sexta,22:50:00,RN,304,"124,7",ITAJA,Animais na Pista,Atropelamento de animal,Sem Vítimas,Plena noite,Crescente,Ignorada,Simples,Reta,Rural,1,0,0,0,1,0,0,1
83467761,25/05/16,Quarta,09:30:00,RN,226,"4,4",NATAL,Outras,Colisão frontal,Com Vítimas Feridas,Pleno dia,Crescente,Ceu Claro,Simples,Reta,Urbano,2,0,1,0,1,0,1,2
83467897,25/05/16,Quarta,11:45:00,RN,101,"98,7",NATAL,Não guardar distância de segurança,Colisão traseira,Com Vítimas Feridas,Pleno dia,Crescente,Nublado,Dupla,Reta,Urbano,2,0,2,0,0,0,2,2
83467899,25/05/16,Quarta,21:00:00,RN,101,75,EXTREMOZ,Outras,Queda de motocicleta / bicicleta / veículo,Com Vítimas Feridas,Plena noite,Decrescente,Ceu Claro,Dupla,Curva,Urbano,2,0,1,1,0,0,2,1
83467912,21/05/16,Sábado,08:00:00,RN,101,"152,4",GOIANINHA,Outras,Saída de Pista,Sem Vítimas,Pleno dia,Decrescente,Ceu Claro,Dupla,Reta,Rural,1,0,0,0,1,0,0,1
83467917,21/05/16,Sábado,18:30:00,RN,101,"106,8",PARNAMIRIM,Outras,Atropelamento de pessoa,Com Vítimas Feridas,Plena noite,Decrescente,Ceu Claro,Dupla,Reta,Urbano,2,0,0,1,1,0,1,1
83467934,25/05/16,Quarta,22:00:00,RN,110,"30,8",MOSSORO,Animais na Pista,Colisão frontal,Com Vítimas Feridas,Plena noite,Decrescente,Ceu Claro,Simples,Reta,Rural,14,0,3,11,0,0,14,2
83467936,25/05/16,Quarta,13:50:00,RN,101,"130,3",SAO JOSE DE MIPIBU,Outras,Capotamento,Com Vítimas Feridas,Pleno dia,Crescente,Chuva,Dupla,Curva,Rural,1,0,1,0,0,0,1,1
83467946,25/05/16,Quarta,18:50:00,RN,101,107,PARNAMIRIM,Ultrapassagem indevida,Colisão lateral,Com Vítimas Feridas,Plena noite,Decrescente,Ceu Claro,Dupla,Reta,Urbano,3,0,2,0,0,1,2,2
83467978,25/05/16,Quarta,17:30:00,RN,101,106,PARNAMIRIM,Outras,Atropelamento de pessoa,Com Vítimas Feridas,Anoitecer,Crescente,Nublado,Dupla,Reta,Urbano,2,0,1,1,0,0,2,1
83467995,23/05/16,Segunda,02:00:00,RN,406,"33,6",PEDRO AVELINO,Outras,Queda de motocicleta / bicicleta / veículo,Com Vítimas Fatais,Plena noite,Decrescente,Ceu Claro,Simples,Reta,Rural,1,1,0,0,0,0,0,1
83468292,23/05/16,Segunda,22:40:00,RN,101,101,PARNAMIRIM,Defeito mecânico em veículo,Colisão Transversal,Com Vítimas Feridas,Plena noite,Crescente,Ceu Claro,Dupla,Cruzamento,Urbano,8,0,5,0,3,0,5,4
83468307,22/05/16,Domingo,03:53:00,RN,405,195,MAJOR SALES,Ingestão de álcool,Colisão traseira,Com Vítimas Fatais,Plena noite,Decrescente,Ceu Claro,Simples,Reta,Urbano,5,1,4,0,0,0,4,3
83468343,25/05/16,Quarta,19:00:00,RN,304,221,CAICARA DO RIO DO VENTO,Outras,Colisão traseira,Com Vítimas Feridas,Plena noite,Decrescente,Ceu Claro,Simples,Curva,Rural,2,0,1,0,1,0,1,2
83468559,28/05/16,Sábado,07:45:00,RN,427,"96,5",CAICO,Desobediência à sinalização,Colisão traseira,Com Vítimas Feridas,Pleno dia,Decrescente,Ceu Claro,Simples,Curva,Rural,2,0,0,1,0,1,1,2
83468577,21/05/16,Sábado,04:00:00,RN,405,45,FELIPE GUERRA,Outras,Saída de Pista,Com Vítimas Fatais,Amanhecer,Crescente,Ceu Claro,Simples,Reta,Rural,2,1,1,0,0,0,1,1
83468690,28/05/16,Sábado,17:30:00,RN,304,"297,7",MACAIBA,Outras,Colisão lateral,Com Vítimas Feridas,Anoitecer,Decrescente,Ceu Claro,Dupla,Curva,Urbano,3,0,1,1,0,1,2,2
83468839,28/05/16,Sábado,19:00:00,RN,405,103,SEVERIANO MELO,Defeito na via,Saída de Pista,Com Vítimas Feridas,Plena noite,Crescente,Ceu Claro,Simples,Reta,Rural,1,0,1,0,0,0,1,1
83468942,29/05/16,Domingo,17:20:00,RN,101,82,SAO GONCALO DO AMARANTE,Falta de atenção,Atropelamento de pessoa,Com Vítimas Feridas,Anoitecer,Crescente,Ceu Claro,Dupla,Reta,Urbano,2,0,1,0,0,1,1,1
83468946,29/05/16,Domingo,17:20:00,RN,101,84,NATAL,Outras,Colisão traseira,Sem Vítimas,Pleno dia,Decrescente,Nublado,Dupla,Reta,Urbano,2,0,0,0,1,1,0,2
83468961,27/05/16,Sexta,13:00:00,RN,405,17,MOSSORO,Falta de atenção,Colisão Transversal,Com Vítimas Feridas,Pleno dia,Decrescente,Ceu Claro,Simples,Reta,Rural,2,0,1,0,1,0,1,2
83469070,29/05/16,Domingo,02:00:00,RN,427,100,CAICO,Desobediência à sinalização,Colisão Transversal,Com Vítimas Feridas,Plena noite,Crescente,Ceu Claro,Dupla,Cruzamento,Urbano,2,0,1,0,0,1,1,2
83469075,29/05/16,Domingo,20:40:00,RN,304,"4,2",MOSSORO,Desobediência à sinalização,Colisão com bicicleta,Com Vítimas Fatais,Plena noite,Crescente,Ceu Claro,Simples,Reta,Rural,2,1,1,0,0,0,1,2
83469090,27/05/16,Sexta,05:40:00,RN,304,"278,2",MACAIBA,Outras,Capotamento,Sem Vítimas,Amanhecer,Crescente,Ceu Claro,Simples,Reta,Rural,1,0,0,0,1,0,0,1
83469198,30/05/16,Segunda,07:10:00,RN,304,"29,7",MOSSORO,Falta de atenção,Colisão Transversal,Com Vítimas Feridas,Pleno dia,Decrescente,Ceu Claro,Simples,Cruzamento,Rural,2,0,1,0,0,1,1,2
83469444,31/05/16,Terça,12:45:00,RN,304,255,SANTA MARIA,Falta de atenção,Colisão Transversal,Com Vítimas Feridas,Pleno dia,Crescente,Ceu Claro,Simples,Reta,Rural,2,0,1,1,0,0,2,2
83469543,31/05/16,Terça,18:00:00,RN,304,38,MOSSORO,Falta de atenção,Colisão traseira,Com Vítimas Feridas,Anoitecer,Crescente,Ceu Claro,Simples,Reta,Urbano,2,0,2,0,0,0,2,2
83469551,31/05/16,Terça,17:30:00,RN,110,35,MOSSORO,Animais na Pista,Atropelamento de animal,Com Vítimas Feridas,Anoitecer,Crescente,Ceu Claro,Simples,Curva,Rural,2,0,1,0,1,0,1,1
83469638,01/06/16,Quarta,07:08:00,RN,101,"98,8",NATAL,Não guardar distância de segurança,Colisão traseira,Com Vítimas Feridas,Pleno dia,Decrescente,Sol,Múltipla,Reta,Urbano,3,0,2,0,0,1,2,3
83469678,01/06/16,Quarta,06:45:00,RN,226,"14,8",MACAIBA,Outras,Colisão frontal,Com Vítimas Feridas,Pleno dia,Decrescente,Ceu Claro,Simples,Reta,Urbano,3,0,1,1,1,0,2,3
83469690,01/06/16,Quarta,13:45:00,RN,101,83,PARNAMIRIM,Não guardar distância de segurança,Colisão traseira,Sem Vítimas,Pleno dia,Crescente,Sol,Dupla,Reta,Urbano,2,0,0,0,2,0,0,2
83469707,01/06/16,Quarta,09:10:00,RN,406,32,GUAMARE,Ultrapassagem indevida,Colisão frontal,Com Vítimas Feridas,Pleno dia,Crescente,Sol,Simples,Reta,Rural,4,0,3,1,0,0,4,2
83469736,31/05/16,Terça,07:00:00,RN,304,"46,6",MOSSORO,Falta de atenção,Colisão lateral,Com Vítimas Feridas,Pleno dia,Crescente,Sol,Dupla,Reta,Urbano,2,0,1,0,1,0,1,2
83469869,01/06/16,Quarta,13:30:00,RN,110,47,MOSSORO,Defeito mecânico em veículo,Incêndio,Sem Vítimas,Pleno dia,Crescente,Sol,Simples,Cruzamento,Urbano,1,0,0,0,1,0,0,1
83470019,02/06/16,Quinta,16:00:00,RN,304,299,MACAIBA,Falta de atenção,Colisão lateral,Sem Vítimas,Pleno dia,Decrescente,Ceu Claro,Dupla,Reta,Urbano,2,0,0,0,2,0,0,2
83470026,25/05/16,Quarta,17:25:00,RN,304,295,MACAIBA,Não guardar distância de segurança,Colisão traseira,Com Vítimas Feridas,Plena noite,Decrescente,Ceu Claro,Simples,Reta,Urbano,2,0,1,0,1,0,1,2
83470202,30/05/16,Segunda,14:28:00,RN,110,"65,2",MOSSORO,Outras,Saída de Pista,Sem Vítimas,Pleno dia,Decrescente,Chuva,Simples,Reta,Rural,1,0,0,0,1,0,0,1
83470281,03/06/16,Sexta,14:05:00,RN,101,"98,5",NATAL,Velocidade incompatível,Colisão traseira,Sem Vítimas,Pleno dia,Crescente,Chuva,Dupla,Reta,Urbano,2,0,0,0,2,0,0,2
83470291,03/06/16,Sexta,13:07:00,RN,101,"98,5",NATAL,Falta de atenção,Atropelamento de pessoa,Com Vítimas Feridas,Pleno dia,Decrescente,Chuva,Múltipla,Reta,Urbano,4,0,1,2,1,0,3,1
83470446,03/06/16,Sexta,19:10:00,RN,101,"96,1",NATAL,Outras,Queda de motocicleta / bicicleta / veículo,Com Vítimas Feridas,Plena noite,Decrescente,Nublado,Dupla,Curva,Urbano,2,0,1,0,1,0,1,2
83470488,23/05/16,Segunda,17:50:00,RN,101,"106,7",PARNAMIRIM,Não guardar distância de segurança,Atropelamento de pessoa,Com Vítimas Feridas,Pleno dia,Crescente,Ceu Claro,Dupla,Reta,Urbano,2,0,0,1,1,0,1,1
83470497,03/06/16,Sexta,04:30:00,RN,304,145,ANGICOS,Falta de atenção,Colisão Transversal,Sem Vítimas,Amanhecer,Decrescente,Ceu Claro,Simples,Reta,Rural,3,0,0,0,2,1,0,2
83470695,04/06/16,Sábado,21:41:00,RN,101,78,SAO GONCALO DO AMARANTE,Outras,Atropelamento de animal,Com Vítimas Feridas,Plena noite,Crescente,Chuva,Dupla,Reta,Urbano,1,0,0,1,0,0,1,1
83470787,05/06/16,Domingo,06:50:00,RN,101,"134,3",ARES,Outras,Colisão traseira,Com Vítimas Feridas,Pleno dia,Crescente,Nublado,Dupla,Reta,Rural,3,0,2,0,1,0,2,2
83470863,05/06/16,Domingo,11:00:00,RN,101,75,EXTREMOZ,Outras,Capotamento,Com Vítimas Feridas,Pleno dia,Crescente,Ceu Claro,Simples,Reta,Rural,4,0,0,3,1,0,3,1
83470916,05/06/16,Domingo,19:00:00,RN,101,77,NATAL,Ingestão de álcool,Colisão traseira,Com Vítimas Feridas,Plena noite,Decrescente,Ceu Claro,Dupla,Reta,Urbano,3,0,2,0,1,0,2,2
83470922,05/06/16,Domingo,17:15:00,RN,101,"126,8",SAO JOSE DE MIPIBU,Outras,Saída de Pista,Com Vítimas Feridas,Anoitecer,Decrescente,Nublado,Dupla,Reta,Rural,2,0,1,0,0,1,1,2
83471128,06/06/16,Segunda,08:30:00,RN,406,34,GUAMARE,Defeito na via,Saída de Pista,Com Vítimas Feridas,Pleno dia,Decrescente,Ceu Claro,Simples,Reta,Rural,2,0,1,0,1,0,1,2
83471135,04/06/16,Sábado,08:10:00,RN,226,"401,5",PAU DOS FERROS,Outras,Colisão traseira,Com Vítimas Fatais,Pleno dia,Crescente,Sol,Simples,Reta,Rural,2,1,0,0,1,0,0,2
83471143,06/06/16,Segunda,13:50:00,RN,304,"35,5",MOSSORO,Falta de atenção,Colisão lateral,Com Vítimas Feridas,Pleno dia,Crescente,Nublado,Dupla,Reta,Urbano,2,0,0,1,1,0,1,2
83471329,02/06/16,Quinta,18:00:00,RN,101,"103,4",PARNAMIRIM,Falta de atenção,Colisão com bicicleta,Com Vítimas Feridas,Plena noite,Decrescente,Ceu Claro,Múltipla,Reta,Urbano,2,0,0,1,1,0,1,2
83471392,07/06/16,Terça,07:55:00,RN,101,79,NATAL,Ingestão de álcool,Colisão lateral,Com Vítimas Feridas,Pleno dia,Decrescente,Ceu Claro,Dupla,Reta,Urbano,2,0,1,0,1,0,1,2
83471453,07/06/16,Terça,13:39:00,RN,101,"104,5",PARNAMIRIM,Falta de atenção,Colisão lateral,Com Vítimas Feridas,Pleno dia,Crescente,Ceu Claro,Dupla,Curva,Urbano,2,0,1,0,1,0,1,2
83471517,07/06/16,Terça,08:45:00,RN,101,"101,8",PARNAMIRIM,Falta de atenção,Colisão traseira,Sem Vítimas,Pleno dia,Crescente,Ceu Claro,Dupla,Reta,Urbano,4,0,0,0,4,0,0,4
83471591,07/06/16,Terça,15:25:00,RN,101,165,CANGUARETAMA,Dormindo,Colisão traseira,Com Vítimas Feridas,Pleno dia,Decrescente,Ceu Claro,Dupla,Reta,Rural,3,0,0,1,2,0,1,2
83471599,29/05/16,Domingo,17:05:00,RN,110,"4,4",AREIA BRANCA,Outras,Colisão frontal,Com Vítimas Feridas,Anoitecer,Decrescente,Ceu Claro,Simples,Reta,Urbano,6,0,5,1,0,0,6,2
83471612,07/06/16,Terça,19:05:00,RN,110,"46,5",MOSSORO,Outras,Atropelamento de pessoa,Com Vítimas Fatais,Plena noite,Crescente,Ceu Claro,Simples,Reta,Urbano,2,1,1,0,0,0,1,1
83471735,08/06/16,Quarta,11:30:00,RN,427,"98,5",CAICO,Outras,Queda de motocicleta / bicicleta / veículo,Com Vítimas Feridas,Pleno dia,Crescente,Ceu Claro,Simples,Reta,Urbano,1,0,1,0,0,0,1,1
83471795,08/06/16,Quarta,11:00:00,RN,101,"105,7",PARNAMIRIM,Outras,Colisão com objeto fixo,Com Vítimas Fatais,Pleno dia,Decrescente,Sol,Dupla,Reta,Urbano,1,1,0,0,0,0,0,1
83471826,08/06/16,Quarta,09:10:00,RN,405,"153,9",PAU DOS FERROS,Falta de atenção,Colisão Transversal,Com Vítimas Fatais,Pleno dia,Decrescente,Sol,Simples,Curva,Urbano,2,1,0,1,0,0,1,2
83471909,09/06/16,Quinta,00:05:00,RN,427,"105,6",CAICO,Dormindo,Colisão com objeto fixo,Com Vítimas Feridas,Plena noite,Crescente,Ceu Claro,Simples,Reta,Rural,2,0,0,1,1,0,1,1
83471924,05/06/16,Domingo,05:30:00,RN,226,"79,9",TANGARA,Outras,Colisão frontal,Com Vítimas Fatais,Amanhecer,Crescente,Ceu Claro,Simples,Reta,Rural,2,1,0,0,0,1,0,2
83471930,04/06/16,Sábado,19:55:00,RN,226,1,NATAL,Falta de atenção,Colisão frontal,Com Vítimas Feridas,Plena noite,Decrescente,Ceu Claro,Dupla,Reta,Urbano,3,0,0,3,0,0,3,2
83472238,02/03/16,Quarta,08:00:00,RN,427,"62,8",JARDIM DO SERIDO,Outras,Tombamento,Com Vítimas Feridas,Pleno dia,Decrescente,Ceu Claro,Simples,Reta,Rural,1,0,1,0,0,0,1,1
83472303,14/03/16,Segunda,18:30:00,RN,406,"72,5",JANDAIRA,Animais na Pista,Atropelamento de animal,Com Vítimas Fatais,Plena noite,Decrescente,Ceu Claro,Simples,Reta,Rural,2,1,0,1,0,0,1,1
83472756,11/06/16,Sábado,12:35:00,RN,304,"106,2",ASSU,Falta de atenção,Colisão traseira,Com Vítimas Feridas,Pleno dia,Crescente,Ceu Claro,Simples,Curva,Rural,3,0,1,0,2,0,1,2
83472829,09/06/16,Quinta,13:05:00,RN,304,"48,5",MOSSORO,Falta de atenção,Colisão traseira,Com Vítimas Feridas,Pleno dia,Crescente,Ceu Claro,Dupla,Reta,Urbano,3,0,2,0,1,0,2,2
83472845,12/06/16,Domingo,08:30:00,RN,304,"297,7",MACAIBA,Defeito mecânico em veículo,Tombamento,Sem Vítimas,Pleno dia,Decrescente,Ceu Claro,Simples,Cruzamento,Rural,1,0,0,0,1,0,0,1
83472923,12/06/16,Domingo,16:36:00,RN,101,83,SAO GONCALO DO AMARANTE,Falta de atenção,Colisão lateral,Com Vítimas Feridas,Anoitecer,Crescente,Ceu Claro,Dupla,Reta,Urbano,2,0,0,1,0,1,1,2
83472949,12/06/16,Domingo,15:10:00,RN,427,"1,3",CURRAIS NOVOS,Falta de atenção,Colisão Transversal,Sem Vítimas,Pleno dia,Crescente,Ceu Claro,Simples,Reta,Rural,2,0,0,0,2,0,0,2
83472970,12/06/16,Domingo,19:00:00,RN,226,128,CAMPO REDONDO,Defeito mecânico em veículo,Colisão com objeto móvel,Sem Vítimas,Plena noite,Decrescente,Ceu Claro,Simples,Reta,Rural,2,0,0,0,2,0,0,2