id,data_inversa,dia_semana,horario,uf,br,km,municipio,causa_acidente,tipo_acidente,classificacao_acidente,fase_dia,sentido_via,condicao_metereologica,tipo_pista,tracado_via,uso_solo,pessoas,mortos,feridos_leves,feridos_graves,ilesos,ignorados,feridos,veiculos
83472980,04/06/16,Sábado,22:10:00,RN,304,"284,8",MACAIBA,Outras,Colisão frontal,Com Vítimas Feridas,Plena noite,Crescente,Chuva,Simples,Reta,Rural,3,0,0,2,1,0,2,2
83473021,19/04/16,Terça,10:40:00,RN,110,91,UPANEMA,Falta de atenção,Colisão traseira,Com Vítimas Feridas,Pleno dia,Crescente,Ceu Claro,Simples,Reta,Rural,3,0,1,1,0,1,2,2
83473059,12/06/16,Domingo,06:15:00,RN,304,"283,1",MACAIBA,Falta de atenção,Queda de motocicleta / bicicleta / veículo,Com Vítimas Feridas,Amanhecer,Decrescente,Sol,Simples,Reta,Rural,1,0,1,0,0,0,1,1
83473115,13/06/16,Segunda,13:45:00,RN,101,"99,9",NATAL,Não guardar distância de segurança,Colisão traseira,Com Vítimas Feridas,Pleno dia,Crescente,Nublado,Dupla,Cruzamento,Urbano,2,0,1,0,1,0,1,2
83473188,11/06/16,Sábado,18:15:00,RN,110,40,MOSSORO,Defeito mecânico em veículo,Saída de Pista,Ignorado,Anoitecer,Crescente,Ceu Claro,Simples,Reta,Rural,1,0,0,0,0,1,0,1
83473202,12/06/16,Domingo,18:40:00,RN,304,"33,1",MOSSORO,Animais na Pista,Atropelamento de animal,Com Vítimas Feridas,Plena noite,Crescente,Ceu Claro,Simples,Reta,Urbano,2,0,1,1,0,0,2,2
83473278,14/06/16,Terça,07:30:00,RN,101,84,NATAL,Falta de atenção,Colisão lateral,Com Vítimas Feridas,Pleno dia,Decrescente,Nublado,Dupla,Reta,Urbano,3,0,2,0,0,1,2,2
83473469,14/06/16,Terça,17:35:00,RN,427,"54,2",JARDIM DO SERIDO,Falta de atenção,Colisão lateral,Com Vítimas Feridas,Anoitecer,Crescente,Ceu Claro,Simples,Cruzamento,Urbano,2,0,0,1,1,0,1,2
83473520,14/06/16,Terça,19:10:00,RN,101,"96,7",NATAL,Não guardar distância de segurança,Colisão lateral,Com Vítimas Feridas,Plena noite,Crescente,Ceu Claro,Múltipla,Reta,Urbano,2,0,1,0,1,0,1,2
83473561,09/06/16,Quinta,14:10:00,RN,101,98,NATAL,Falta de atenção,Colisão traseira,Com Vítimas Feridas,Pleno dia,Decrescente,Ceu Claro,Dupla,Reta,Urbano,8,0,6,0,2,0,6,2
83473567,12/06/16,Domingo,05:25:00,RN,405,"17,5",MOSSORO,Velocidade incompatível,Colisão traseira,Com Vítimas Feridas,Amanhecer,Decrescente,Ceu Claro,Simples,Reta,Rural,3,0,0,2,1,0,2,2
83473607,12/06/16,Domingo,18:15:00,RN,101,49,MAXARANGUAPE,Velocidade incompatível,Atropelamento de animal,Com Vítimas Feridas,Plena noite,Decrescente,Ceu Claro,Simples,Reta,Rural,3,0,0,2,1,0,2,2
83473652,07/06/16,Terça,11:20:00,RN,101,81,NATAL,Não guardar distância de segurança,Colisão traseira,Com Vítimas Feridas,Pleno dia,Decrescente,Ceu Claro,Dupla,Reta,Urbano,2,0,1,0,1,0,1,2
83473655,15/06/16,Quarta,15:08:00,RN,101,95,MACAIBA,Falta de atenção,Colisão Transversal,Sem Vítimas,Pleno dia,Crescente,Ceu Claro,Múltipla,Cruzamento,Urbano,3,0,0,0,3,0,0,2
83473697,14/04/16,Quinta,11:20:00,RN,101,142,ARES,Outras,Capotamento,Com Vítimas Feridas,Pleno dia,Crescente,Nublado,Dupla,Reta,Rural,1,0,1,0,0,0,1,1
83473856,16/06/16,Quinta,10:50:00,RN,304,"47,9",MOSSORO,Falta de atenção,Colisão traseira,Com Vítimas Feridas,Pleno dia,Crescente,Sol,Simples,Curva,Urbano,4,0,1,0,3,0,1,2
83473863,16/06/16,Quinta,10:46:00,RN,406,103,JOAO CAMARA,Desobediência à sinalização,Colisão Transversal,Com Vítimas Feridas,Pleno dia,Crescente,Ceu Claro,Simples,Reta,Urbano,2,0,1,0,1,0,1,2
83473866,16/06/16,Quinta,09:30:00,RN,101,"116,5",SAO JOSE DE MIPIBU,Outras,Colisão lateral,Com Vítimas Feridas,Pleno dia,Crescente,Ceu Claro,Simples,Reta,Urbano,5,0,1,0,4,0,1,5
83474022,16/06/16,Quinta,17:00:00,RN,110,"42,9",MOSSORO,Outras,Colisão traseira,Sem Vítimas,Anoitecer,Decrescente,Ceu Claro,Simples,Reta,Rural,3,0,0,0,2,1,0,2
83474129,13/06/16,Segunda,21:00:00,RN,226,"0,6",NATAL,Falta de atenção,Colisão frontal,Com Vítimas Feridas,Plena noite,Decrescente,Ceu Claro,Simples,Reta,Urbano,2,0,0,1,1,0,1,2
83474169,17/06/16,Sexta,07:50:00,RN,405,"117,9",RODOLFO FERNANDES,Outras,Colisão com objeto fixo,Com Vítimas Feridas,Pleno dia,Crescente,Ceu Claro,Simples,Reta,Rural,2,0,0,1,1,0,1,2
83474201,13/06/16,Segunda,13:00:00,RN,226,2,NATAL,Não guardar distância de segurança,Colisão traseira,Sem Vítimas,Pleno dia,Crescente,Sol,Simples,Reta,Urbano,2,0,0,0,2,0,0,2
83474304,17/06/16,Sexta,20:00:00,RN,110,127,CAMPO GRANDE,Falta de atenção,Colisão com objeto fixo,Com Vítimas Feridas,Plena noite,Decrescente,Ceu Claro,Dupla,Reta,Urbano,2,0,1,0,1,0,1,1
83474305,17/06/16,Sexta,21:50:00,RN,101,106,PARNAMIRIM,Não guardar distância de segurança,Colisão lateral,Com Vítimas Feridas,Plena noite,Crescente,Ceu Claro,Dupla,Cruzamento,Urbano,3,0,2,0,1,0,2,2
83474328,17/06/16,Sexta,15:45:00,RN,101,"120,9",SAO JOSE DE MIPIBU,Ingestão de álcool,Tombamento,Com Vítimas Feridas,Pleno dia,Decrescente,Sol,Dupla,Reta,Rural,1,0,1,0,0,0,1,1
83474452,18/06/16,Sábado,07:30:00,RN,101,"105,5",PARNAMIRIM,Defeito mecânico em veículo,Queda de motocicleta / bicicleta / veículo,Com Vítimas Feridas,Pleno dia,Decrescente,Ceu Claro,Dupla,Reta,Urbano,1,0,1,0,0,0,1,1
83474511,18/06/16,Sábado,10:40:00,RN,304,"76,3",MOSSORO,Não guardar distância de segurança,Colisão traseira,Com Vítimas Feridas,Pleno dia,Crescente,Sol,Simples,Reta,Rural,2,0,1,0,1,0,1,2
83474513,18/06/16,Sábado,16:00:00,RN,304,302,MACAIBA,Desobediência à sinalização,Colisão Transversal,Com Vítimas Fatais,Pleno dia,Crescente,Ceu Claro,Dupla,Reta,Urbano,2,1,0,0,1,0,0,2
83474534,18/06/16,Sábado,18:50:00,RN,304,57,MOSSORO,Animais na Pista,Atropelamento de animal,Sem Vítimas,Plena noite,Decrescente,Ignorada,Simples,Reta,Rural,6,0,0,0,4,2,0,1
83474551,18/06/16,Sábado,13:00:00,RN,101,107,PARNAMIRIM,Falta de atenção,Colisão lateral,Com Vítimas Feridas,Pleno dia,Decrescente,Ceu Claro,Dupla,Reta,Urbano,2,0,1,0,1,0,1,2
83474561,14/06/16,Terça,13:30:00,RN,101,75,EXTREMOZ,Falta de atenção,Colisão traseira,Com Vítimas Feridas,Pleno dia,Crescente,Ceu Claro,Simples,Reta,Urbano,2,0,1,0,1,0,1,2
83474580,18/06/16,Sábado,12:30:00,RN,304,"42,2",MOSSORO,Falta de atenção,Queda de motocicleta / bicicleta / veículo,Sem Vítimas,Pleno dia,Crescente,Ceu Claro,Simples,Reta,Urbano,1,0,0,0,1,0,0,1
83474635,19/06/16,Domingo,00:02:00,RN,406,"162,1",SAO GONCALO DO AMARANTE,Falta de atenção,Colisão frontal,Com Vítimas Feridas,Plena noite,Crescente,Ceu Claro,Simples,Reta,Rural,2,0,0,1,1,0,1,2
83474657,17/06/16,Sexta,02:10:00,RN,304,"39,7",MOSSORO,Outras,Colisão com objeto fixo,Sem Vítimas,Plena noite,Decrescente,Ceu Claro,Dupla,Reta,Urbano,1,0,0,0,1,0,0,1
83474680,19/06/16,Domingo,04:40:00,RN,101,"94,8",NATAL,Falta de atenção,Colisão Transversal,Com Vítimas Feridas,Amanhecer,Decrescente,Ceu Claro,Múltipla,Reta,Urbano,3,0,1,0,2,0,1,2
83474818,19/06/16,Domingo,16:15:00,RN,110,"49,4",MOSSORO,Outras,Colisão Transversal,Com Vítimas Feridas,Pleno dia,Crescente,Ceu Claro,Dupla,Reta,Urbano,2,0,0,1,0,1,1,2
83474822,19/06/16,Domingo,21:40:00,RN,304,"25,2",MOSSORO,Ingestão de álcool,Colisão lateral,Sem Vítimas,Plena noite,Crescente,Ceu Claro,Simples,Reta,Urbano,2,0,0,0,2,0,0,2
83474847,19/06/16,Domingo,13:20:00,RN,226,"0,4",NATAL,Outras,Colisão Transversal,Com Vítimas Feridas,Pleno dia,Crescente,Sol,Simples,Reta,Urbano,2,0,2,0,0,0,2,2
83474876,19/06/16,Domingo,22:05:00,RN,101,84,SAO GONCALO DO AMARANTE,Outras,Colisão traseira,Com Vítimas Feridas,Plena noite,Crescente,Vento,Dupla,Reta,Urbano,3,0,2,0,1,0,2,2
83475003,20/06/16,Segunda,07:15:00,RN,101,82,SAO GONCALO DO AMARANTE,Ingestão de álcool,Colisão lateral,Sem Vítimas,Pleno dia,Crescente,Ceu Claro,Dupla,Reta,Urbano,2,0,0,0,2,0,0,2
83475005,20/06/16,Segunda,08:02:00,RN,110,"33,7",MOSSORO,Outras,Colisão Transversal,Sem Vítimas,Pleno dia,Crescente,Ceu Claro,Simples,Cruzamento,Rural,2,0,0,0,2,0,0,2
83475104,20/06/16,Segunda,17:30:00,RN,101,"83,3",NATAL,Não guardar distância de segurança,Colisão traseira,Com Vítimas Feridas,Amanhecer,Crescente,Ceu Claro,Dupla,Reta,Urbano,2,0,1,0,1,0,1,2
83475173,21/06/16,Terça,02:45:00,RN,406,165,SAO GONCALO DO AMARANTE,Velocidade incompatível,Saída de Pista,Sem Vítimas,Plena noite,Decrescente,Ceu Claro,Simples,Curva,Rural,1,0,0,0,1,0,0,1
83475292,21/06/16,Terça,09:40:00,RN,226,173,CURRAIS NOVOS,Outras,Queda de motocicleta / bicicleta / veículo,Com Vítimas Feridas,Pleno dia,Decrescente,Ceu Claro,Simples,Reta,Rural,1,0,1,0,0,0,1,1
83475371,21/06/16,Terça,17:45:00,RN,101,96,NATAL,Não guardar distância de segurança,Colisão traseira,Com Vítimas Feridas,Anoitecer,Crescente,Ceu Claro,Dupla,Reta,Urbano,2,0,1,0,0,1,1,2
83475452,21/06/16,Terça,23:50:00,RN,405,"86,3",APODI,Animais na Pista,Atropelamento de animal,Com Vítimas Feridas,Plena noite,Decrescente,Ceu Claro,Simples,Reta,Rural,1,0,1,0,0,0,1,1
83475456,21/06/16,Terça,16:00:00,RN,226,"162,5",CURRAIS NOVOS,Animais na Pista,Capotamento,Com Vítimas Feridas,Pleno dia,Crescente,Ceu Claro,Simples,Reta,Rural,2,0,1,0,1,0,1,1
83475500,10/06/16,Sexta,11:00:00,RN,101,"114,4",SAO JOSE DE MIPIBU,Falta de atenção,Colisão lateral,Com Vítimas Feridas,Pleno dia,Decrescente,Ceu Claro,Dupla,Reta,Rural,2,0,1,0,1,0,1,2
83475574,14/06/16,Terça,11:30:00,RN,101,103,PARNAMIRIM,Falta de atenção,Colisão traseira,Com Vítimas Feridas,Pleno dia,Crescente,Ceu Claro,Dupla,Reta,Urbano,3,0,1,0,2,0,1,2
83475668,22/06/16,Quarta,20:30:00,RN,101,"83,6",NATAL,Falta de atenção,Colisão com bicicleta,Com Vítimas Feridas,Plena noite,Decrescente,Chuva,Dupla,Reta,Urbano,2,0,0,1,0,1,1,2
83475715,23/06/16,Quinta,00:30:00,RN,304,"224,1",CAICARA DO RIO DO VENTO,Outras,Capotamento,Com Vítimas Feridas,Plena noite,Decrescente,Chuva,Simples,Reta,Rural,2,0,2,0,0,0,2,1
83475723,23/06/16,Quinta,03:40:00,RN,101,"95,9",NATAL,Outras,Colisão com objeto fixo,Ignorado,Plena noite,Decrescente,Chuva,Dupla,Reta,Urbano,1,0,0,0,0,1,0,1
83475815,23/06/16,Quinta,08:50:00,RN,101,117,SAO JOSE DE MIPIBU,Velocidade incompatível,Colisão traseira,Com Vítimas Feridas,Pleno dia,Decrescente,Chuva,Múltipla,Cruzamento,Rural,3,0,1,0,2,0,1,3
83475821,15/06/16,Quarta,18:30:00,RN,110,"45,9",MOSSORO,Desobediência à sinalização,Colisão Transversal,Com Vítimas Feridas,Anoitecer,Crescente,Ceu Claro,Simples,Cruzamento,Urbano,3,0,1,0,1,1,1,2
83475835,07/06/16,Terça,12:30:00,RN,304,47,MOSSORO,Desobediência à sinalização,Colisão Transversal,Sem Vítimas,Pleno dia,Crescente,Ceu Claro,Dupla,Reta,Urbano,2,0,0,0,1,1,0,2
83475869,20/06/16,Segunda,06:50:00,RN,427,"94,9",CAICO,Falta de atenção,Colisão Transversal,Com Vítimas Feridas,Pleno dia,Decrescente,Ceu Claro,Simples,Cruzamento,Urbano,2,0,1,0,1,0,1,2
83475995,24/06/16,Sexta,04:00:00,RN,101,117,SAO JOSE DE MIPIBU,Outras,Queda de motocicleta / bicicleta / veículo,Com Vítimas Feridas,Plena noite,Crescente,Ceu Claro,Dupla,Reta,Rural,1,0,0,1,0,0,1,1
83476036,24/06/16,Sexta,06:00:00,RN,101,"173,5",BAIA FORMOSA,Dormindo,Saída de Pista,Com Vítimas Feridas,Pleno dia,Decrescente,Ceu Claro,Dupla,Reta,Rural,7,0,2,4,1,0,6,1
83476079,04/06/16,Sábado,09:08:00,RN,101,"65,2",CEARA-MIRIM,Falta de atenção,Colisão lateral,Com Vítimas Feridas,Pleno dia,Decrescente,Ceu Claro,Simples,Reta,Rural,2,0,0,1,1,0,1,2
83476172,17/06/16,Sexta,17:10:00,RN,304,"28,5",MOSSORO,Outras,Colisão com bicicleta,Com Vítimas Feridas,Anoitecer,Decrescente,Ceu Claro,Simples,Reta,Rural,2,0,0,1,0,1,1,2
83476193,24/06/16,Sexta,17:15:00,RN,304,300,MACAIBA,Outras,Atropelamento de pessoa,Com Vítimas Feridas,Pleno dia,Decrescente,Ceu Claro,Dupla,Reta,Rural,2,0,0,1,1,0,1,1
83476274,21/06/16,Terça,19:30:00,RN,405,"164,3",RAFAEL FERNANDES,Outras,Colisão traseira,Com Vítimas Feridas,Plena noite,Decrescente,Ceu Claro,Simples,Reta,Rural,2,0,0,1,0,1,1,2
83476348,25/06/16,Sábado,13:30:00,RN,101,"85,2",NATAL,Falta de atenção,Colisão lateral,Com Vítimas Feridas,Pleno dia,Decrescente,Ceu Claro,Dupla,Reta,Urbano,2,0,1,0,1,0,1,2
83476480,26/06/16,Domingo,03:45:00,RN,405,"0,5",MOSSORO,Outras,Colisão Transversal,Ignorado,Plena noite,Crescente,Ceu Claro,Dupla,Cruzamento,Urbano,3,0,0,0,0,3,0,2
83476510,24/06/16,Sexta,05:30:00,RN,226,"241,9",JUCURUTU,Dormindo,Capotamento,Com Vítimas Fatais,Amanhecer,Crescente,Ceu Claro,Simples,Curva,Rural,1,1,0,0,0,0,0,1
83476520,02/06/16,Quinta,18:40:00,RN,110,44,MOSSORO,Animais na Pista,Atropelamento de animal,Com Vítimas Feridas,Plena noite,Crescente,Ignorada,Simples,Reta,Rural,2,0,1,0,0,1,1,1
83476573,12/06/16,Domingo,09:30:00,RN,110,47,MOSSORO,Falta de atenção,Colisão Transversal,Com Vítimas Feridas,Pleno dia,Decrescente,Ceu Claro,Simples,Cruzamento,Urbano,3,0,2,1,0,0,3,2
83476615,26/06/16,Domingo,16:30:00,RN,427,"132,2",SERRA NEGRA DO NORTE,Outras,Capotamento,Ignorado,Pleno dia,Crescente,Ceu Claro,Simples,Curva,Rural,1,0,0,0,0,1,0,1
83476621,26/06/16,Domingo,13:10:00,RN,304,"58,8",MOSSORO,Outras,Queda de motocicleta / bicicleta / veículo,Com Vítimas Feridas,Pleno dia,Crescente,Nublado,Simples,Reta,Rural,2,0,2,0,0,0,2,1
83476661,24/06/16,Sexta,06:40:00,RN,405,3,MOSSORO,Falta de atenção,Colisão traseira,Com Vítimas Feridas,Pleno dia,Decrescente,Ceu Claro,Simples,Reta,Urbano,2,0,1,0,1,0,1,2
83476677,26/06/16,Domingo,18:40:00,RN,101,79,SAO GONCALO DO AMARANTE,Ingestão de álcool,Colisão traseira,Com Vítimas Feridas,Plena noite,Crescente,Chuva,Dupla,Reta,Urbano,3,0,1,0,2,0,1,2
83476725,18/06/16,Sábado,23:50:00,RN,101,80,SAO GONCALO DO AMARANTE,Ingestão de álcool,Colisão lateral,Sem Vítimas,Plena noite,Decrescente,Ceu Claro,Dupla,Reta,Urbano,2,0,0,0,2,0,0,2
83476838,27/06/16,Segunda,08:40:00,RN,101,"83,2",SAO GONCALO DO AMARANTE,Não guardar distância de segurança,Colisão traseira,Com Vítimas Feridas,Pleno dia,Crescente,Sol,Dupla,Reta,Urbano,2,0,1,0,1,0,1,2
83476881,27/06/16,Segunda,13:30:00,RN,304,"38,7",MOSSORO,Outras,Colisão lateral,Com Vítimas Feridas,Pleno dia,Crescente,Ceu Claro,Dupla,Reta,Urbano,2,0,1,0,1,0,1,2
83476915,27/06/16,Segunda,15:45:00,RN,110,"49,5",MOSSORO,Outras,Capotamento,Sem Vítimas,Pleno dia,Crescente,Ceu Claro,Dupla,Reta,Urbano,2,0,0,0,1,1,0,2
83476942,27/06/16,Segunda,06:00:00,RN,110,127,CAMPO GRANDE,Falta de atenção,Atropelamento de pessoa,Com Vítimas Feridas,Pleno dia,Crescente,Ceu Claro,Simples,Reta,Urbano,2,0,0,1,1,0,1,1
83476965,27/06/16,Segunda,18:30:00,RN,304,43,MOSSORO,Outras,Colisão traseira,Com Vítimas Feridas,Plena noite,Crescente,Ceu Claro,Dupla,Reta,Urbano,3,0,1,2,0,0,3,2
83476989,27/06/16,Segunda,18:40:00,RN,304,"161,6",ANGICOS,Não guardar distância de segurança,Colisão traseira,Com Vítimas Feridas,Plena noite,Decrescente,Ceu Claro,Simples,Reta,Rural,2,0,1,0,0,1,1,2
83477017,27/06/16,Segunda,15:45:00,RN,101,"121,9",SAO JOSE DE MIPIBU,Outras,Colisão Transversal,Com Vítimas Feridas,Pleno dia,Crescente,Ceu Claro,Dupla,Reta,Rural,2,0,0,1,1,0,1,2
83477058,22/06/16,Quarta,23:00:00,RN,110,"47,9",MOSSORO,Outras,Colisão Transversal,Com Vítimas Feridas,Plena noite,Crescente,Ceu Claro,Simples,Reta,Urbano,3,0,0,2,1,0,2,2
83477174,28/06/16,Terça,13:58:00,RN,101,100,NATAL,Falta de atenção,Colisão traseira,Sem Vítimas,Pleno dia,Decrescente,Ceu Claro,Múltipla,Reta,Urbano,2,0,0,0,2,0,0,2
83477189,28/06/16,Terça,17:49:00,RN,304,"43,7",MOSSORO,Outras,Colisão traseira,Com Vítimas Feridas,Anoitecer,Decrescente,Ceu Claro,Dupla,Reta,Urbano,3,0,2,0,0,1,2,2
83477236,28/06/16,Terça,21:14:00,RN,406,"155,7",CEARA-MIRIM,Outras,Colisão traseira,Sem Vítimas,Plena noite,Crescente,Ceu Claro,Simples,Reta,Rural,2,0,0,0,2,0,0,2
83477285,28/06/16,Terça,19:28:00,RN,101,"106,9",PARNAMIRIM,Falta de atenção,Colisão lateral,Sem Vítimas,Plena noite,Decrescente,Ceu Claro,Dupla,Reta,Urbano,2,0,0,0,2,0,0,2
83477440,02/04/16,Sábado,11:30:00,RN,226,396,PAU DOS FERROS,Outras,Colisão Transversal,Com Vítimas Feridas,Pleno dia,Crescente,Ceu Claro,Simples,Curva,Rural,2,0,0,1,1,0,1,2
83477524,29/06/16,Quarta,17:40:00,RN,304,"34,4",MOSSORO,Outras,Queda de motocicleta / bicicleta / veículo,Com Vítimas Feridas,Plena noite,Decrescente,Ceu Claro,Dupla,Cruzamento,Urbano,2,0,2,0,0,0,2,1
83477695,30/06/16,Quinta,14:30:00,RN,101,"48,2",MAXARANGUAPE,Falta de atenção,Colisão traseira,Sem Vítimas,Pleno dia,Crescente,Ceu Claro,Simples,Reta,Rural,3,0,0,0,3,0,0,3
83477706,29/06/16,Quarta,04:00:00,RN,304,"128,3",ITAJA,Outras,Incêndio,Ignorado,Plena noite,Decrescente,Ignorada,Simples,Reta,Rural,1,0,0,0,0,1,0,1
83477718,30/06/16,Quinta,14:10:00,RN,427,"98,5",CAICO,Falta de atenção,Colisão traseira,Com Vítimas Feridas,Pleno dia,Decrescente,Ceu Claro,Simples,Curva,Urbano,2,0,1,0,1,0,1,2
83477809,30/06/16,Quinta,21:40:00,RN,405,"20,5",MOSSORO,Defeito na via,Saída de Pista,Sem Vítimas,Plena noite,Decrescente,Ceu Claro,Simples,Reta,Rural,1,0,0,0,1,0,0,1
83477945,01/07/16,Sexta,15:30:00,RN,101,160,CANGUARETAMA,Desobediência à sinalização,Colisão traseira,Com Vítimas Feridas,Pleno dia,Decrescente,Ceu Claro,Dupla,Reta,Rural,4,0,2,1,1,0,3,2
83477981,01/07/16,Sexta,18:00:00,RN,406,"133,5",TAIPU,Ingestão de álcool,Atropelamento de pessoa,Com Vítimas Feridas,Plena noite,Decrescente,Ceu Claro,Simples,Reta,Rural,2,0,0,1,0,1,1,1
83478038,01/07/16,Sexta,16:30:00,RN,101,85,SAO GONCALO DO AMARANTE,Não guardar distância de segurança,Colisão lateral,Sem Vítimas,Pleno dia,Crescente,Sol,Múltipla,Reta,Urbano,2,0,0,0,2,0,0,2
83478040,01/07/16,Sexta,08:00:00,RN,304,232,RIACHUELO,Velocidade incompatível,Saída de Pista,Ignorado,Pleno dia,Crescente,Ceu Claro,Simples,Curva,Rural,1,0,0,0,0,1,0,1
83478093,01/07/16,Sexta,20:00:00,RN,101,"158,7",CANGUARETAMA,Animais na Pista,Atropelamento de animal,Com Vítimas Feridas,Plena noite,Crescente,Ceu Claro,Dupla,Reta,Rural,2,0,0,1,1,0,1,1
83478225,28/06/16,Terça,17:45:00,RN,304,37,MOSSORO,Outras,Queda de motocicleta / bicicleta / veículo,Com Vítimas Feridas,Plena noite,Crescente,Ceu Claro,Dupla,Reta,Urbano,1,0,1,0,0,0,1,1
83478240,02/07/16,Sábado,14:40:00,RN,101,"83,4",SAO GONCALO DO AMARANTE,Não guardar distância de segurança,Colisão traseira,Com Vítimas Feridas,Pleno dia,Crescente,Sol,Dupla,Reta,Urbano,3,0,1,1,1,0,2,2
83478244,02/07/16,Sábado,13:30:00,RN,304,"28,8",MOSSORO,Outras,Colisão Transversal,Sem Vítimas,Pleno dia,Decrescente,Sol,Simples,Reta,Urbano,3,0,0,0,3,0,0,2
83478269,24/06/16,Sexta,21:00:00,RN,226,"11,5",MACAIBA,Outras,Atropelamento de pessoa,Com Vítimas Feridas,Plena noite,Crescente,Ceu Claro,Simples,Reta,Urbano,2,0,1,1,0,0,2,1
83478280,28/06/16,Terça,15:45:00,RN,405,"1,2",MOSSORO,Outras,Colisão Transversal,Com Vítimas Feridas,Pleno dia,Crescente,Sol,Dupla,Reta,Urbano,3,0,1,0,2,0,1,2
83478284,02/07/16,Sábado,16:45:00,RN,405,"107,9",ITAU,Outras,Capotamento,Com Vítimas Feridas,Pleno dia,Decrescente,Sol,Simples,Reta,Rural,1,0,1,0,0,0,1,1
83478304,02/07/16,Sábado,16:15:00,RN,110,"57,2",MOSSORO,Ingestão de álcool,Saída de Pista,Com Vítimas Feridas,Pleno dia,Decrescente,Ceu Claro,Simples,Reta,Rural,1,0,0,1,0,0,1,1
83478364,03/07/16,Domingo,02:04:00,RN,101,"84,6",NATAL,Outras,Colisão com objeto fixo,Com Vítimas Feridas,Plena noite,Crescente,Ceu Claro,Simples,Curva,Urbano,2,0,0,2,0,0,2,1
83478534,03/07/16,Domingo,17:30:00,RN,304,"295,7",MACAIBA,Outras,Capotamento,Sem Vítimas,Anoitecer,Crescente,Ceu Claro,Simples,Reta,Rural,1,0,0,0,1,0,0,1
83478540,03/07/16,Domingo,14:35:00,RN,101,"109,5",PARNAMIRIM,Falta de atenção,Colisão traseira,Com Vítimas Feridas,Pleno dia,Decrescente,Nublado,Dupla,Cruzamento,Urbano,2,0,1,0,1,0,1,2
83478542,03/07/16,Domingo,15:50:00,RN,101,116,SAO JOSE DE MIPIBU,Outras,Capotamento,Com Vítimas Feridas,Anoitecer,Decrescente,Sol,Dupla,Reta,Rural,4,0,2,0,2,0,2,2
83478605,03/07/16,Domingo,20:35:00,RN,406,159,CEARA-MIRIM,Falta de atenção,Colisão Transversal,Com Vítimas Fatais,Plena noite,Decrescente,Ceu Claro,Simples,Reta,Urbano,2,1,0,1,0,0,1,2
83478633,29/06/16,Quarta,00:05:00,RN,304,"221,2",CAICARA DO RIO DO VENTO,Outras,Tombamento,Ignorado,Plena noite,Crescente,Ceu Claro,Simples,Reta,Rural,1,0,0,0,0,1,0,1
83478673,30/06/16,Quinta,08:00:00,RN,101,130,SAO JOSE DE MIPIBU,Falta de atenção,Colisão lateral,Com Vítimas Fatais,Pleno dia,Decrescente,Ceu Claro,Dupla,Reta,Rural,4,1,0,2,1,0,2,2
83478738,30/06/16,Quinta,16:00:00,RN,101,107,PARNAMIRIM,Desobediência à sinalização,Atropelamento de pessoa,Com Vítimas Feridas,Pleno dia,Decrescente,Ceu Claro,Dupla,Cruzamento,Urbano,2,0,0,1,1,0,1,1
83478749,04/07/16,Segunda,10:13:00,RN,304,305,PARNAMIRIM,Outras,Saída de Pista,Com Vítimas Feridas,Pleno dia,Crescente,Chuva,Múltipla,Reta,Urbano,5,0,5,0,0,0,5,1
83478758,04/07/16,Segunda,07:30:00,RN,101,103,PARNAMIRIM,Não guardar distância de segurança,Colisão Transversal,Com Vítimas Feridas,Pleno dia,Decrescente,Ceu Claro,Dupla,Reta,Urbano,2,0,1,0,1,0,1,2
83478876,04/07/16,Segunda,18:40:00,RN,427,"13,9",ACARI,Outras,Colisão com objeto fixo,Com Vítimas Feridas,Plena noite,Crescente,Ceu Claro,Simples,Reta,Rural,1,0,0,1,0,0,1,1
83478942,05/07/16,Terça,06:45:00,RN,101,"84,8",SAO GONCALO DO AMARANTE,Falta de atenção,Colisão traseira,Sem Vítimas,Pleno dia,Crescente,Sol,Múltipla,Reta,Urbano,2,0,0,0,2,0,0,2
83479000,01/07/16,Sexta,12:00:00,RN,304,45,MOSSORO,Falta de atenção,Saída de Pista,Com Vítimas Feridas,Pleno dia,Crescente,Ceu Claro,Dupla,Reta,Urbano,1,0,1,0,0,0,1,1