id,data_inversa,dia_semana,horario,uf,br,km,municipio,causa_acidente,tipo_acidente,classificacao_acidente,fase_dia,sentido_via,condicao_metereologica,tipo_pista,tracado_via,uso_solo,pessoas,mortos,feridos_leves,feridos_graves,ilesos,ignorados,feridos,veiculos
83479026,05/07/16,Terça,10:20:00,RN,304,298,MACAIBA,Desobediência à sinalização,Colisão Transversal,Com Vítimas Feridas,Pleno dia,Decrescente,Ceu Claro,Dupla,Reta,Urbano,2,0,1,0,0,1,1,2
83479067,05/07/16,Terça,18:10:00,RN,406,151,CEARA-MIRIM,Outras,Colisão frontal,Com Vítimas Feridas,Plena noite,Decrescente,Ceu Claro,Simples,Reta,Urbano,3,0,1,0,2,0,1,2
83479213,02/07/16,Sábado,12:00:00,RN,226,"411,2",PAU DOS FERROS,Falta de atenção,Colisão Transversal,Com Vítimas Feridas,Pleno dia,Crescente,Ceu Claro,Simples,Reta,Rural,5,0,3,0,2,0,3,2
83479270,06/07/16,Quarta,08:40:00,RN,101,"176,7",CANGUARETAMA,Velocidade incompatível,Capotamento,Com Vítimas Feridas,Pleno dia,Decrescente,Chuva,Dupla,Curva,Rural,2,0,1,0,1,0,1,1
83479303,06/07/16,Quarta,11:00:00,RN,110,1,AREIA BRANCA,Outras,Colisão traseira,Com Vítimas Feridas,Pleno dia,Crescente,Sol,Simples,Reta,Urbano,2,0,2,0,0,0,2,2
83479310,06/07/16,Quarta,16:15:00,RN,406,"162,8",CEARA-MIRIM,Defeito mecânico em veículo,Saída de Pista,Com Vítimas Feridas,Pleno dia,Crescente,Nublado,Simples,Reta,Rural,2,0,1,0,1,0,1,1
83479440,06/07/16,Quarta,22:45:00,RN,101,125,SAO JOSE DE MIPIBU,Falta de atenção,Colisão Transversal,Com Vítimas Fatais,Plena noite,Crescente,Ceu Claro,Múltipla,Reta,Rural,2,1,0,0,0,1,0,2
83479459,03/07/16,Domingo,00:40:00,RN,304,"34,9",MOSSORO,Falta de atenção,Queda de motocicleta / bicicleta / veículo,Com Vítimas Feridas,Plena noite,Decrescente,Ignorada,Dupla,Reta,Urbano,1,0,1,0,0,0,1,1
83479532,07/07/16,Quinta,10:05:00,RN,101,41,MAXARANGUAPE,Falta de atenção,Colisão Transversal,Com Vítimas Feridas,Pleno dia,Crescente,Sol,Simples,Reta,Urbano,2,0,1,0,1,0,1,2
83479569,07/07/16,Quinta,11:30:00,RN,406,"104,5",JOAO CAMARA,Outras,Atropelamento de pessoa,Com Vítimas Fatais,Pleno dia,Decrescente,Sol,Simples,Reta,Urbano,2,1,0,0,1,0,0,1
83479575,07/07/16,Quinta,12:50:00,RN,101,167,CANGUARETAMA,Desobediência à sinalização,Colisão frontal,Com Vítimas Feridas,Pleno dia,Crescente,Sol,Simples,Reta,Rural,5,0,3,2,0,0,5,2
83479614,07/07/16,Quinta,10:30:00,RN,110,49,MOSSORO,Falta de atenção,Colisão Transversal,Com Vítimas Feridas,Pleno dia,Crescente,Ceu Claro,Dupla,Cruzamento,Urbano,2,0,1,0,1,0,1,2
83479629,07/07/16,Quinta,18:20:00,RN,304,"32,5",MOSSORO,Falta de atenção,Colisão Transversal,Com Vítimas Feridas,Plena noite,Decrescente,Ceu Claro,Dupla,Curva,Urbano,2,0,1,0,1,0,1,2
83479681,07/07/16,Quinta,17:00:00,RN,226,"1,8",NATAL,Falta de atenção,Colisão Transversal,Com Vítimas Feridas,Pleno dia,Crescente,Ceu Claro,Simples,Reta,Urbano,3,0,0,2,1,0,2,2
83479732,08/07/16,Sexta,03:00:00,RN,226,"150,6",CURRAIS NOVOS,Outras,Saída de Pista,Com Vítimas Feridas,Plena noite,Decrescente,Ceu Claro,Simples,Reta,Rural,1,0,1,0,0,0,1,1
83479779,08/07/16,Sexta,10:00:00,RN,101,96,NATAL,Falta de atenção,Colisão traseira,Sem Vítimas,Pleno dia,Decrescente,Ceu Claro,Dupla,Reta,Urbano,4,0,0,0,4,0,0,4
83479926,08/07/16,Sexta,10:40:00,RN,304,"221,9",CAICARA DO RIO DO VENTO,Falta de atenção,Saída de Pista,Com Vítimas Feridas,Pleno dia,Decrescente,Ceu Claro,Simples,Reta,Rural,5,0,5,0,0,0,5,1
83479953,08/07/16,Sexta,20:00:00,RN,427,26,ACARI,Ingestão de álcool,Colisão com bicicleta,Com Vítimas Feridas,Plena noite,Crescente,Ceu Claro,Simples,Reta,Urbano,2,0,0,1,0,1,1,2
83480094,09/07/16,Sábado,11:45:00,RN,101,129,SAO JOSE DE MIPIBU,Defeito na via,Queda de motocicleta / bicicleta / veículo,Com Vítimas Feridas,Pleno dia,Decrescente,Ceu Claro,Dupla,Reta,Rural,2,0,2,0,0,0,2,1
83480102,09/07/16,Sábado,06:10:00,RN,304,"173,7",ANGICOS,Dormindo,Colisão frontal,Com Vítimas Feridas,Pleno dia,Decrescente,Ceu Claro,Simples,Reta,Rural,3,0,0,2,1,0,2,2
83480107,08/07/16,Sexta,20:30:00,RN,304,"133,9",ANGICOS,Ingestão de álcool,Colisão frontal,Sem Vítimas,Plena noite,Decrescente,Ceu Claro,Simples,Reta,Rural,2,0,0,0,1,1,0,2
83480207,09/07/16,Sábado,19:25:00,RN,226,149,CURRAIS NOVOS,Animais na Pista,Atropelamento de animal,Com Vítimas Feridas,Plena noite,Crescente,Ceu Claro,Simples,Reta,Rural,1,0,0,1,0,0,1,1
83480518,10/07/16,Domingo,17:02:00,RN,406,"103,8",JOAO CAMARA,Outras,Colisão Transversal,Com Vítimas Fatais,Pleno dia,Crescente,Ceu Claro,Simples,Reta,Urbano,3,1,0,1,0,1,1,2
83480602,03/07/16,Domingo,17:40:00,RN,226,15,MACAIBA,Falta de atenção,Colisão frontal,Com Vítimas Feridas,Anoitecer,Decrescente,Ceu Claro,Simples,Reta,Urbano,2,0,0,1,1,0,1,2
83480623,08/07/16,Sexta,18:00:00,RN,101,"96,7",NATAL,Outras,Colisão traseira,Sem Vítimas,Anoitecer,Crescente,Ceu Claro,Dupla,Reta,Urbano,6,0,0,0,6,0,0,2
83480797,09/07/16,Sábado,18:40:00,RN,101,85,NATAL,Ingestão de álcool,Colisão com bicicleta,Com Vítimas Feridas,Plena noite,Decrescente,Ceu Claro,Dupla,Curva,Urbano,2,0,1,0,1,0,1,2
83480833,11/07/16,Segunda,19:30:00,RN,226,83,TANGARA,Animais na Pista,Atropelamento de animal,Com Vítimas Feridas,Plena noite,Decrescente,Ceu Claro,Simples,Reta,Urbano,1,0,1,0,0,0,1,1
83480883,27/01/16,Quarta,17:15:00,RN,101,104,PARNAMIRIM,Não guardar distância de segurança,Colisão traseira,Sem Vítimas,Pleno dia,Crescente,Ceu Claro,Dupla,Reta,Urbano,2,0,0,0,2,0,0,2
83480893,12/07/16,Terça,07:45:00,RN,101,86,NATAL,Falta de atenção,Colisão lateral,Com Vítimas Feridas,Pleno dia,Crescente,Ceu Claro,Dupla,Reta,Urbano,2,0,1,0,1,0,1,2
83480997,12/07/16,Terça,11:55:00,RN,406,170,NATAL,Ingestão de álcool,Colisão lateral,Sem Vítimas,Pleno dia,Decrescente,Ceu Claro,Dupla,Reta,Urbano,2,0,0,0,2,0,0,2
83481010,06/07/16,Quarta,06:55:00,RN,101,"99,9",NATAL,Falta de atenção,Colisão traseira,Com Vítimas Feridas,Pleno dia,Crescente,Ceu Claro,Múltipla,Reta,Urbano,2,0,1,0,1,0,1,2
83481015,12/07/16,Terça,10:25:00,RN,101,"97,7",NATAL,Não guardar distância de segurança,Colisão traseira,Com Vítimas Feridas,Pleno dia,Decrescente,Ceu Claro,Dupla,Reta,Urbano,4,0,1,0,3,0,1,4
83481083,12/07/16,Terça,20:05:00,RN,101,102,PARNAMIRIM,Falta de atenção,Colisão traseira,Com Vítimas Feridas,Plena noite,Crescente,Ceu Claro,Múltipla,Reta,Urbano,3,0,1,0,2,0,1,2
83481217,13/07/16,Quarta,12:05:00,RN,405,"20,6",MOSSORO,Outras,Colisão traseira,Com Vítimas Feridas,Pleno dia,Decrescente,Ceu Claro,Simples,Reta,Rural,4,0,0,3,1,0,3,2
83481250,13/07/16,Quarta,11:30:00,RN,304,"40,2",MOSSORO,Outras,Colisão com bicicleta,Com Vítimas Feridas,Pleno dia,Crescente,Ceu Claro,Dupla,Reta,Urbano,2,0,0,1,1,0,1,2
83481294,10/07/16,Domingo,23:55:00,RN,304,"46,1",MOSSORO,Desobediência à sinalização,Colisão frontal,Com Vítimas Fatais,Plena noite,Decrescente,Ceu Claro,Dupla,Reta,Urbano,4,2,0,0,2,0,0,2
83481303,09/07/16,Sábado,11:20:00,RN,304,269,SAO PEDRO,Velocidade incompatível,Capotamento,Com Vítimas Feridas,Pleno dia,Crescente,Sol,Simples,Curva,Rural,3,0,2,0,1,0,2,1
83481427,02/07/16,Sábado,20:40:00,RN,304,"203,8",LAJES,Outras,Colisão lateral,Sem Vítimas,Plena noite,Crescente,Ceu Claro,Simples,Reta,Rural,2,0,0,0,1,1,0,2
83481435,14/07/16,Quinta,08:13:00,RN,406,167,SAO GONCALO DO AMARANTE,Desobediência à sinalização,Colisão Transversal,Com Vítimas Feridas,Pleno dia,Crescente,Ceu Claro,Dupla,Reta,Urbano,3,0,0,2,1,0,2,2
83481513,14/07/16,Quinta,07:10:00,RN,101,"85,3",SAO GONCALO DO AMARANTE,Não guardar distância de segurança,Colisão traseira,Com Vítimas Feridas,Amanhecer,Crescente,Ceu Claro,Dupla,Curva,Urbano,2,0,1,0,1,0,1,2
83481542,13/07/16,Quarta,12:50:00,RN,110,"8,3",AREIA BRANCA,Falta de atenção,Colisão Transversal,Com Vítimas Feridas,Pleno dia,Crescente,Ceu Claro,Simples,Reta,Rural,5,0,2,1,2,0,3,2
83481608,14/07/16,Quinta,20:44:00,RN,101,80,SAO GONCALO DO AMARANTE,Ingestão de álcool,Colisão lateral,Sem Vítimas,Plena noite,Crescente,Ceu Claro,Dupla,Curva,Urbano,2,0,0,0,2,0,0,2
83481759,11/07/16,Segunda,18:20:00,RN,304,"305,5",PARNAMIRIM,Falta de atenção,Colisão Transversal,Com Vítimas Feridas,Plena noite,Crescente,Ceu Claro,Dupla,Reta,Urbano,3,0,2,0,1,0,2,2
83481771,15/07/16,Sexta,11:40:00,RN,304,36,MOSSORO,Falta de atenção,Colisão com bicicleta,Com Vítimas Feridas,Pleno dia,Decrescente,Ceu Claro,Dupla,Reta,Urbano,2,0,0,1,1,0,1,2
83481787,07/07/16,Quinta,08:25:00,RN,110,45,MOSSORO,Outras,Queda de motocicleta / bicicleta / veículo,Com Vítimas Feridas,Pleno dia,Crescente,Ceu Claro,Simples,Reta,Rural,1,0,0,1,0,0,1,1
83481803,15/07/16,Sexta,14:55:00,RN,101,"106,5",PARNAMIRIM,Falta de atenção,Colisão traseira,Com Vítimas Feridas,Pleno dia,Decrescente,Ceu Claro,Dupla,Reta,Urbano,2,0,1,0,1,0,1,2
83481863,15/07/16,Sexta,18:10:00,RN,304,"101,8",ASSU,Animais na Pista,Capotamento,Com Vítimas Feridas,Plena noite,Crescente,Ceu Claro,Simples,Reta,Rural,1,0,1,0,0,0,1,1
83481923,12/07/16,Terça,05:40:00,RN,427,"14,2",ACARI,Outras,Colisão traseira,Com Vítimas Fatais,Amanhecer,Crescente,Ceu Claro,Simples,Reta,Rural,2,1,0,0,0,1,0,2
83481979,11/07/16,Segunda,11:45:00,RN,427,"100,1",CAICO,Falta de atenção,Colisão lateral,Sem Vítimas,Pleno dia,Crescente,Ceu Claro,Simples,Reta,Urbano,2,0,0,0,2,0,0,2
83482006,13/07/16,Quarta,06:40:00,RN,101,85,SAO GONCALO DO AMARANTE,Não guardar distância de segurança,Colisão traseira,Com Vítimas Feridas,Pleno dia,Crescente,Ceu Claro,Dupla,Reta,Urbano,2,0,0,1,1,0,1,2
83482069,16/07/16,Sábado,08:00:00,RN,101,"97,8",NATAL,Não guardar distância de segurança,Colisão traseira,Sem Vítimas,Pleno dia,Decrescente,Ceu Claro,Dupla,Reta,Urbano,4,0,0,0,4,0,0,4
83482074,15/07/16,Sexta,05:30:00,RN,110,"45,5",MOSSORO,Falta de atenção,Colisão traseira,Com Vítimas Feridas,Amanhecer,Decrescente,Sol,Simples,Reta,Urbano,3,0,1,0,0,2,1,2
83482265,17/07/16,Domingo,02:00:00,RN,101,85,NATAL,Outras,Colisão com objeto fixo,Ignorado,Plena noite,Crescente,Ceu Claro,Simples,Curva,Urbano,1,0,0,0,0,1,0,1
83482280,17/07/16,Domingo,03:00:00,RN,101,"96,4",NATAL,Falta de atenção,Colisão lateral,Sem Vítimas,Plena noite,Decrescente,Ceu Claro,Dupla,Cruzamento,Urbano,2,0,0,0,2,0,0,2
83482287,17/07/16,Domingo,04:30:00,RN,304,305,PARNAMIRIM,Ingestão de álcool,Colisão traseira,Sem Vítimas,Amanhecer,Crescente,Ceu Claro,Dupla,Reta,Urbano,2,0,0,0,2,0,0,2
83482388,17/07/16,Domingo,09:50:00,RN,304,"296,7",MACAIBA,Desobediência à sinalização,Colisão Transversal,Com Vítimas Feridas,Pleno dia,Crescente,Sol,Simples,Reta,Urbano,2,0,0,1,1,0,1,2
83482392,17/07/16,Domingo,10:30:00,RN,101,130,SAO JOSE DE MIPIBU,Defeito mecânico em veículo,Capotamento,Com Vítimas Feridas,Pleno dia,Crescente,Ceu Claro,Dupla,Reta,Rural,3,0,1,1,1,0,2,1
83482414,16/07/16,Sábado,05:00:00,RN,304,"43,7",MOSSORO,Outras,Queda de motocicleta / bicicleta / veículo,Com Vítimas Fatais,Amanhecer,Decrescente,Ceu Claro,Dupla,Reta,Rural,1,1,0,0,0,0,0,1
83482440,17/07/16,Domingo,16:30:00,RN,304,284,MACAIBA,Ingestão de álcool,Colisão lateral,Com Vítimas Feridas,Pleno dia,Decrescente,Sol,Simples,Curva,Rural,2,0,1,0,1,0,1,2
83482452,14/07/16,Quinta,12:00:00,RN,304,97,MOSSORO,Defeito mecânico em veículo,Saída de Pista,Com Vítimas Feridas,Pleno dia,Crescente,Ceu Claro,Simples,Reta,Rural,2,0,2,0,0,0,2,1
83482491,17/07/16,Domingo,19:25:00,RN,405,4,MOSSORO,Ingestão de álcool,Colisão Transversal,Com Vítimas Feridas,Plena noite,Decrescente,Ceu Claro,Simples,Reta,Urbano,2,0,0,1,1,0,1,2
83482510,17/07/16,Domingo,00:30:00,RN,405,173,RIACHO DE SANTANA,Outras,Colisão frontal,Sem Vítimas,Plena noite,Crescente,Ceu Claro,Simples,Reta,Rural,2,0,0,0,1,1,0,2
83482522,17/07/16,Domingo,22:30:00,RN,304,"302,3",MACAIBA,Dormindo,Colisão traseira,Com Vítimas Feridas,Plena noite,Decrescente,Ceu Claro,Dupla,Reta,Rural,3,0,0,3,0,0,3,2
83482534,17/07/16,Domingo,13:30:00,RN,304,"177,7",ANGICOS,Outras,Colisão lateral,Sem Vítimas,Pleno dia,Decrescente,Ceu Claro,Simples,Reta,Rural,3,0,0,0,3,0,0,3
83482558,18/07/16,Segunda,01:30:00,RN,304,186,LAJES,Animais na Pista,Atropelamento de animal,Com Vítimas Feridas,Plena noite,Crescente,Ceu Claro,Simples,Reta,Rural,1,0,1,0,0,0,1,1
83482559,17/07/16,Domingo,19:30:00,RN,304,"285,6",MACAIBA,Outras,Colisão frontal,Com Vítimas Fatais,Plena noite,Decrescente,Ceu Claro,Simples,Reta,Rural,2,1,0,0,1,0,0,2
83482755,18/07/16,Segunda,18:30:00,RN,406,154,CEARA-MIRIM,Animais na Pista,Atropelamento de animal,Sem Vítimas,Plena noite,Crescente,Ceu Claro,Simples,Reta,Rural,1,0,0,0,1,0,0,1
83482764,18/07/16,Segunda,19:50:00,RN,405,"2,9",MOSSORO,Outras,Colisão lateral,Com Vítimas Feridas,Plena noite,Crescente,Ceu Claro,Simples,Reta,Urbano,2,0,1,0,0,1,1,2
83482848,17/07/16,Domingo,16:00:00,RN,226,"288,4",CAMPO GRANDE,Defeito na via,Capotamento,Com Vítimas Feridas,Pleno dia,Crescente,Ceu Claro,Simples,Curva,Rural,1,0,1,0,0,0,1,1
83482900,19/07/16,Terça,07:20:00,RN,406,"141,3",CEARA-MIRIM,Falta de atenção,Capotamento,Sem Vítimas,Pleno dia,Decrescente,Sol,Simples,Reta,Rural,1,0,0,0,1,0,0,1
83482901,16/07/16,Sábado,06:15:00,RN,101,83,NATAL,Outras,Queda de motocicleta / bicicleta / veículo,Com Vítimas Fatais,Pleno dia,Decrescente,Ceu Claro,Dupla,Reta,Urbano,1,1,0,0,0,0,0,1
83482917,19/07/16,Terça,08:35:00,RN,406,154,CEARA-MIRIM,Não guardar distância de segurança,Colisão traseira,Sem Vítimas,Pleno dia,Decrescente,Sol,Simples,Reta,Rural,2,0,0,0,1,1,0,2
83482995,19/07/16,Terça,15:50:00,RN,406,168,SAO GONCALO DO AMARANTE,Outras,Colisão com objeto fixo,Sem Vítimas,Pleno dia,Crescente,Sol,Múltipla,Reta,Urbano,1,0,0,0,1,0,0,1
83483011,19/07/16,Terça,13:15:00,RN,304,225,CAICARA DO RIO DO VENTO,Velocidade incompatível,Saída de Pista,Com Vítimas Feridas,Pleno dia,Decrescente,Ceu Claro,Simples,Reta,Rural,3,0,3,0,0,0,3,1
83483039,19/07/16,Terça,13:50:00,RN,101,"99,8",PARNAMIRIM,Desobediência à sinalização,Colisão lateral,Sem Vítimas,Pleno dia,Decrescente,Vento,Múltipla,Cruzamento,Urbano,2,0,0,0,2,0,0,2
83483051,19/07/16,Terça,08:20:00,RN,226,"174,2",CURRAIS NOVOS,Outras,Atropelamento de pessoa,Com Vítimas Feridas,Plena noite,Decrescente,Ceu Claro,Simples,Curva,Urbano,2,0,1,1,0,0,2,1
83483086,16/07/16,Sábado,19:50:00,RN,226,"4,2",NATAL,Outras,Colisão Transversal,Com Vítimas Feridas,Plena noite,Decrescente,Ceu Claro,Simples,Reta,Urbano,2,0,1,0,0,1,1,2
83483133,20/07/16,Quarta,09:30:00,RN,101,"108,6",PARNAMIRIM,Defeito na via,Queda de motocicleta / bicicleta / veículo,Com Vítimas Feridas,Pleno dia,Crescente,Ceu Claro,Dupla,Curva,Urbano,2,0,2,0,0,0,2,1
83483255,20/07/16,Quarta,16:35:00,RN,101,"82,9",NATAL,Outras,Tombamento,Com Vítimas Feridas,Pleno dia,Decrescente,Sol,Dupla,Reta,Urbano,1,0,0,1,0,0,1,1
83483261,20/07/16,Quarta,08:00:00,RN,101,"104,8",PARNAMIRIM,Desobediência à sinalização,Colisão Transversal,Com Vítimas Feridas,Pleno dia,Crescente,Ceu Claro,Dupla,Reta,Urbano,2,0,1,0,1,0,1,2
83483353,11/07/16,Segunda,09:20:00,RN,226,"175,6",CURRAIS NOVOS,Outras,Atropelamento de pessoa,Com Vítimas Fatais,Pleno dia,Crescente,Ceu Claro,Dupla,Cruzamento,Urbano,2,1,0,0,1,0,0,1
83483449,21/07/16,Quinta,15:40:00,RN,101,"122,4",SAO JOSE DE MIPIBU,Outras,Colisão Transversal,Com Vítimas Feridas,Pleno dia,Decrescente,Ceu Claro,Dupla,Reta,Rural,2,0,1,0,0,1,1,2
83483524,21/07/16,Quinta,16:40:00,RN,101,"149,5",GOIANINHA,Falta de atenção,Colisão Transversal,Com Vítimas Feridas,Pleno dia,Decrescente,Ceu Claro,Múltipla,Reta,Urbano,3,0,2,0,1,0,2,2
83483725,22/07/16,Sexta,10:30:00,RN,101,97,NATAL,Não guardar distância de segurança,Colisão traseira,Com Vítimas Feridas,Pleno dia,Decrescente,Ceu Claro,Dupla,Reta,Urbano,2,0,1,0,1,0,1,2
83483735,22/07/16,Sexta,15:40:00,RN,101,107,PARNAMIRIM,Falta de atenção,Atropelamento de pessoa,Com Vítimas Feridas,Pleno dia,Crescente,Ceu Claro,Dupla,Reta,Urbano,2,0,0,1,1,0,1,1
83483799,22/07/16,Sexta,18:50:00,RN,226,"40,8",MACAIBA,Outras,Atropelamento de pessoa,Com Vítimas Feridas,Plena noite,Decrescente,Ceu Claro,Simples,Reta,Rural,3,0,0,1,1,1,1,2
83483800,22/07/16,Sexta,13:30:00,RN,406,"165,2",SAO GONCALO DO AMARANTE,Falta de atenção,Colisão Transversal,Com Vítimas Feridas,Pleno dia,Decrescente,Sol,Simples,Reta,Rural,2,0,0,1,1,0,1,2
83483876,22/07/16,Sexta,23:10:00,RN,304,"3,3",MOSSORO,Outras,Atropelamento de animal,Com Vítimas Feridas,Plena noite,Decrescente,Ceu Claro,Simples,Reta,Rural,1,0,1,0,0,0,1,1
83484078,23/07/16,Sábado,16:30:00,RN,304,"283,2",MACAIBA,Falta de atenção,Colisão traseira,Sem Vítimas,Pleno dia,Decrescente,Ceu Claro,Simples,Reta,Rural,2,0,0,0,2,0,0,2
83484117,23/07/16,Sábado,18:04:00,RN,304,48,MOSSORO,Outras,Colisão frontal,Sem Vítimas,Plena noite,Decrescente,Ceu Claro,Simples,Reta,Urbano,2,0,0,0,1,1,0,2
83484144,23/07/16,Sábado,16:40:00,RN,226,"173,8",CURRAIS NOVOS,Outras,Colisão lateral,Com Vítimas Feridas,Plena noite,Decrescente,Ceu Claro,Simples,Reta,Urbano,2,0,1,0,1,0,1,2
83484146,24/07/16,Domingo,01:15:00,RN,110,"47,6",MOSSORO,Outras,Colisão Transversal,Com Vítimas Feridas,Plena noite,Crescente,Ceu Claro,Simples,Reta,Rural,3,0,0,2,1,0,2,2
83484274,20/07/16,Quarta,17:00:00,RN,101,"99,9",NATAL,Não guardar distância de segurança,Colisão traseira,Com Vítimas Feridas,Pleno dia,Crescente,Ceu Claro,Dupla,Cruzamento,Urbano,2,0,0,1,1,0,1,2
83484292,21/06/16,Terça,06:55:00,RN,110,37,MOSSORO,Outras,Queda de motocicleta / bicicleta / veículo,Com Vítimas Feridas,Pleno dia,Decrescente,Ceu Claro,Simples,Reta,Rural,1,0,0,1,0,0,1,1
83484474,22/07/16,Sexta,05:30:00,RN,101,"97,8",NATAL,Outras,Colisão lateral,Com Vítimas Feridas,Pleno dia,Crescente,Ceu Claro,Dupla,Reta,Urbano,3,0,2,1,0,0,3,2
83484619,25/07/16,Segunda,06:40:00,RN,304,"300,7",MACAIBA,Não guardar distância de segurança,Colisão traseira,Com Vítimas Feridas,Pleno dia,Crescente,Ceu Claro,Dupla,Reta,Rural,2,0,2,0,0,0,2,2
83484625,25/07/16,Segunda,06:25:00,RN,101,"159,5",CANGUARETAMA,Outras,Capotamento,Com Vítimas Feridas,Pleno dia,Crescente,Nublado,Dupla,Reta,Urbano,1,0,1,0,0,0,1,1
83484638,25/07/16,Segunda,16:30:00,RN,101,"109,8",PARNAMIRIM,Animais na Pista,Atropelamento de animal,Com Vítimas Feridas,Pleno dia,Decrescente,Ceu Claro,Dupla,Reta,Urbano,1,0,0,1,0,0,1,1
83484647,25/07/16,Segunda,17:20:00,RN,101,85,NATAL,Velocidade incompatível,Colisão traseira,Com Vítimas Feridas,Pleno dia,Decrescente,Ceu Claro,Dupla,Reta,Urbano,2,0,1,0,1,0,1,2
83484648,16/07/16,Sábado,04:40:00,RN,304,"35,5",MOSSORO,Defeito na via,Capotamento,Sem Vítimas,Amanhecer,Decrescente,Ceu Claro,Dupla,Cruzamento,Urbano,1,0,0,0,1,0,0,1
83484660,25/07/16,Segunda,15:00:00,RN,427,43,ACARI,Defeito na via,Capotamento,Com Vítimas Feridas,Pleno dia,Decrescente,Ceu Claro,Simples,Reta,Rural,2,0,1,0,1,0,1,1
83484676,25/07/16,Segunda,20:00:00,RN,101,98,NATAL,Outras,Colisão lateral,Com Vítimas Feridas,Pleno dia,Decrescente,Nublado,Múltipla,Curva,Urbano,3,0,1,0,1,1,1,2
83484727,22/05/16,Domingo,02:00:00,RN,304,300,MACAIBA,Outras,Queda de motocicleta / bicicleta / veículo,Com Vítimas Feridas,Plena noite,Decrescente,Ignorada,Dupla,Reta,Urbano,1,0,0,1,0,0,1,1
83484853,26/07/16,Terça,13:30:00,RN,427,115,TIMBAUBA DOS BATISTAS,Falta de atenção,Colisão traseira,Com Vítimas Feridas,Pleno dia,Decrescente,Ceu Claro,Simples,Reta,Rural,3,0,1,0,2,0,1,2
83484895,26/07/16,Terça,14:20:00,RN,226,"84,8",TANGARA,Desobediência à sinalização,Colisão frontal,Com Vítimas Feridas,Pleno dia,Crescente,Ceu Claro,Simples,Reta,Urbano,2,0,0,1,1,0,1,2
83484925,26/07/16,Terça,17:45:00,RN,101,"113,3",SAO JOSE DE MIPIBU,Falta de atenção,Colisão com bicicleta,Com Vítimas Feridas,Plena noite,Crescente,Ceu Claro,Dupla,Cruzamento,Rural,2,0,0,1,0,1,1,2
83484938,26/07/16,Terça,15:19:00,RN,101,"84,6",NATAL,Outras,Colisão traseira,Sem Vítimas,Pleno dia,Decrescente,Ceu Claro,Dupla,Reta,Rural,3,0,0,0,3,0,0,3
83485028,16/07/16,Sábado,06:30:00,RN,101,85,SAO GONCALO DO AMARANTE,Falta de atenção,Colisão Transversal,Sem Vítimas,Pleno dia,Crescente,Ceu Claro,Dupla,Curva,Urbano,2,0,0,0,2,0,0,2
83485029,23/07/16,Sábado,18:40:00,RN,304,220,CAICARA DO RIO DO VENTO,Ingestão de álcool,Colisão Transversal,Com Vítimas Feridas,Plena noite,Crescente,Ceu Claro,Simples,Reta,Urbano,2,0,1,0,1,0,1,2
83485041,26/07/16,Terça,05:15:00,RN,110,55,MOSSORO,Outras,Colisão traseira,Com Vítimas Fatais,Amanhecer,Crescente,Ceu Claro,Simples,Reta,Rural,2,1,0,0,0,1,0,2
83485086,19/07/16,Terça,18:00:00,RN,101,"85,6",SAO GONCALO DO AMARANTE,Falta de atenção,Colisão traseira,Sem Vítimas,Plena noite,Crescente,Ceu Claro,Dupla,Reta,Urbano,2,0,0,0,2,0,0,2
83485148,27/07/16,Quarta,17:00:00,RN,101,84,NATAL,Não guardar distância de segurança,Colisão traseira,Sem Vítimas,Pleno dia,Decrescente,Sol,Dupla,Reta,Rural,2,0,0,0,2,0,0,2
83485193,27/07/16,Quarta,19:50:00,RN,101,107,PARNAMIRIM,Não guardar distância de segurança,Colisão lateral,Com Vítimas Feridas,Plena noite,Crescente,Ceu Claro,Dupla,Cruzamento,Urbano,3,0,1,0,2,0,1,2
83485198,27/07/16,Quarta,20:10:00,RN,304,"302,2",MACAIBA,Ingestão de álcool,Colisão Transversal,Sem Vítimas,Plena noite,Crescente,Ceu Claro,Dupla,Reta,Urbano,2,0,0,0,2,0,0,2
83485221,27/07/16,Quarta,17:35:00,RN,101,"138,7",ARES,Não guardar distância de segurança,Colisão traseira,Com Vítimas Feridas,Anoitecer,Decrescente,Vento,Dupla,Reta,Rural,2,0,1,0,1,0,1,2
83485434,25/07/16,Segunda,00:45:00,RN,304,307,PARNAMIRIM,Falta de atenção,Colisão traseira,Com Vítimas Feridas,Plena noite,Crescente,Ceu Claro,Dupla,Reta,Urbano,2,0,1,0,1,0,1,2