id,data_inversa,dia_semana,horario,uf,br,km,municipio,causa_acidente,tipo_acidente,classificacao_acidente,fase_dia,sentido_via,condicao_metereologica,tipo_pista,tracado_via,uso_solo,pessoas,mortos,feridos_leves,feridos_graves,ilesos,ignorados,feridos,veiculos
83485471,28/07/16,Quinta,18:15:00,RN,304,"301,3",MACAIBA,Outras,Colisão Transversal,Com Vítimas Feridas,Plena noite,Decrescente,Nublado,Dupla,Reta,Urbano,2,0,0,1,0,1,1,2
83485495,28/07/16,Quinta,22:25:00,RN,304,112,ASSU,Ingestão de álcool,Colisão frontal,Com Vítimas Feridas,Plena noite,Decrescente,Ceu Claro,Simples,Reta,Rural,4,0,1,1,2,0,2,2
83485577,29/07/16,Sexta,07:40:00,RN,226,2,NATAL,Desobediência à sinalização,Colisão Transversal,Com Vítimas Feridas,Pleno dia,Decrescente,Ceu Claro,Simples,Reta,Urbano,2,0,1,0,1,0,1,2
83485578,25/07/16,Segunda,08:00:00,RN,101,95,NATAL,Defeito mecânico em veículo,Queda de motocicleta / bicicleta / veículo,Com Vítimas Feridas,Pleno dia,Crescente,Ceu Claro,Múltipla,Reta,Urbano,2,0,2,0,0,0,2,1
83485671,29/07/16,Sexta,17:15:00,RN,101,"85,1",NATAL,Não guardar distância de segurança,Colisão traseira,Com Vítimas Feridas,Plena noite,Decrescente,Ceu Claro,Dupla,Reta,Urbano,2,0,1,0,1,0,1,2
83485691,29/07/16,Sexta,19:20:00,RN,101,113,SAO JOSE DE MIPIBU,Outras,Incêndio,Sem Vítimas,Plena noite,Crescente,Ceu Claro,Dupla,Reta,Rural,1,0,0,0,1,0,0,1
83485705,29/07/16,Sexta,13:30:00,RN,304,298,MACAIBA,Outras,Incêndio,Com Vítimas Feridas,Pleno dia,Crescente,Ceu Claro,Simples,Reta,Rural,1,0,0,1,0,0,1,1
83485767,30/07/16,Sábado,01:00:00,RN,101,"135,4",ARES,Outras,Capotamento,Sem Vítimas,Plena noite,Crescente,Chuva,Dupla,Curva,Rural,1,0,0,0,1,0,0,1
83485783,29/07/16,Sexta,19:00:00,RN,101,126,SAO JOSE DE MIPIBU,Ingestão de álcool,Colisão com bicicleta,Com Vítimas Feridas,Plena noite,Decrescente,Ceu Claro,Dupla,Reta,Rural,2,0,1,0,0,1,1,2
83485852,30/07/16,Sábado,08:30:00,RN,226,"175,2",CURRAIS NOVOS,Outras,Queda de motocicleta / bicicleta / veículo,Com Vítimas Feridas,Pleno dia,Crescente,Ceu Claro,Simples,Reta,Urbano,2,0,0,1,1,0,1,2
83485924,30/07/16,Sábado,17:15:00,RN,101,"107,6",PARNAMIRIM,Outras,Colisão Transversal,Com Vítimas Feridas,Anoitecer,Crescente,Ceu Claro,Dupla,Cruzamento,Urbano,2,0,1,0,1,0,1,2
83485956,30/07/16,Sábado,17:50:00,RN,304,71,MOSSORO,Falta de atenção,Colisão traseira,Com Vítimas Feridas,Pleno dia,Decrescente,Sol,Simples,Reta,Rural,2,0,1,0,1,0,1,2
83485969,30/07/16,Sábado,16:00:00,RN,304,"272,2",MACAIBA,Outras,Saída de Pista,Com Vítimas Feridas,Pleno dia,Decrescente,Ceu Claro,Simples,Reta,Rural,3,0,1,0,2,0,1,2
83486056,31/07/16,Domingo,04:15:00,RN,110,46,MOSSORO,Ingestão de álcool,Colisão com objeto fixo,Com Vítimas Fatais,Amanhecer,Decrescente,Ceu Claro,Dupla,Reta,Urbano,1,1,0,0,0,0,0,1
83486104,30/07/16,Sábado,06:40:00,RN,427,"100,1",CAICO,Desobediência à sinalização,Colisão Transversal,Com Vítimas Feridas,Pleno dia,Crescente,Ceu Claro,Simples,Cruzamento,Urbano,2,0,1,0,1,0,1,2
83486150,27/07/16,Quarta,07:10:00,RN,110,48,MOSSORO,Outras,Colisão com objeto fixo,Sem Vítimas,Pleno dia,Decrescente,Ceu Claro,Dupla,Cruzamento,Urbano,1,0,0,0,1,0,0,1
83486300,31/07/16,Domingo,20:30:00,RN,406,100,JOAO CAMARA,Outras,Colisão frontal,Com Vítimas Fatais,Plena noite,Crescente,Ceu Claro,Simples,Reta,Rural,2,1,0,0,1,0,0,2
83486446,01/08/16,Segunda,14:00:00,RN,101,76,NATAL,Outras,Colisão lateral,Sem Vítimas,Pleno dia,Decrescente,Ceu Claro,Dupla,Reta,Urbano,2,0,0,0,1,1,0,2
83486458,01/08/16,Segunda,09:10:00,RN,101,105,PARNAMIRIM,Falta de atenção,Colisão lateral,Sem Vítimas,Pleno dia,Crescente,Sol,Dupla,Curva,Urbano,2,0,0,0,2,0,0,2
83486572,01/08/16,Segunda,18:45:00,RN,110,"49,2",MOSSORO,Falta de atenção,Colisão frontal,Com Vítimas Feridas,Plena noite,Crescente,Ceu Claro,Dupla,Reta,Urbano,2,0,1,0,1,0,1,2
83486597,01/08/16,Segunda,14:00:00,RN,101,102,PARNAMIRIM,Desobediência à sinalização,Colisão lateral,Com Vítimas Feridas,Pleno dia,Crescente,Ceu Claro,Dupla,Cruzamento,Urbano,2,0,1,0,1,0,1,2
83486598,30/07/16,Sábado,17:40:00,RN,427,"94,5",CAICO,Falta de atenção,Colisão Transversal,Com Vítimas Feridas,Pleno dia,Crescente,Sol,Simples,Curva,Rural,2,0,0,1,1,0,1,2
83486599,29/07/16,Sexta,11:40:00,RN,405,"1,3",MOSSORO,Falta de atenção,Atropelamento de pessoa,Com Vítimas Feridas,Pleno dia,Crescente,Ceu Claro,Dupla,Reta,Urbano,2,0,1,0,0,1,1,1
83486630,02/08/16,Terça,07:20:00,RN,304,47,MOSSORO,Não guardar distância de segurança,Colisão traseira,Com Vítimas Feridas,Pleno dia,Decrescente,Sol,Dupla,Reta,Urbano,3,0,2,0,1,0,2,2
83486639,02/08/16,Terça,07:30:00,RN,101,130,SAO JOSE DE MIPIBU,Outras,Atropelamento de pessoa,Com Vítimas Feridas,Pleno dia,Decrescente,Ceu Claro,Dupla,Reta,Rural,2,0,0,1,0,1,1,1
83486670,02/08/16,Terça,07:16:00,RN,304,"282,8",MACAIBA,Outras,Colisão frontal,Com Vítimas Fatais,Pleno dia,Crescente,Ceu Claro,Simples,Reta,Rural,2,1,0,0,1,0,0,2
83486789,02/08/16,Terça,15:00:00,RN,427,"64,4",JARDIM DO SERIDO,Outras,Colisão traseira,Com Vítimas Feridas,Pleno dia,Decrescente,Sol,Simples,Reta,Rural,3,0,1,0,2,0,1,3
83486806,02/08/16,Terça,18:15:00,RN,226,"0,8",NATAL,Outras,Colisão Transversal,Com Vítimas Feridas,Plena noite,Decrescente,Ceu Claro,Dupla,Reta,Urbano,2,0,1,0,1,0,1,2
83486890,03/08/16,Quarta,05:00:00,RN,226,"2,8",NATAL,Animais na Pista,Atropelamento de animal,Com Vítimas Feridas,Amanhecer,Crescente,Ceu Claro,Simples,Reta,Urbano,1,0,1,0,0,0,1,1
83486922,30/07/16,Sábado,21:26:00,RN,304,"32,6",MOSSORO,Outras,Capotamento,Com Vítimas Feridas,Plena noite,Crescente,Ignorada,Dupla,Reta,Urbano,2,0,0,1,1,0,1,2
83487010,21/07/16,Quinta,17:30:00,RN,405,"85,4",APODI,Outras,Saída de Pista,Com Vítimas Fatais,Pleno dia,Decrescente,Sol,Simples,Reta,Rural,2,2,0,0,0,0,0,1
83487063,03/08/16,Quarta,17:55:00,RN,110,"36,7",MOSSORO,Animais na Pista,Atropelamento de animal,Com Vítimas Feridas,Anoitecer,Crescente,Ceu Claro,Simples,Reta,Rural,1,0,1,0,0,0,1,1
83487136,03/08/16,Quarta,22:20:00,RN,405,"13,6",MOSSORO,Animais na Pista,Atropelamento de animal,Com Vítimas Fatais,Plena noite,Crescente,Ignorada,Simples,Reta,Rural,2,1,0,0,1,0,0,2
83487257,29/07/16,Sexta,13:35:00,RN,101,"127,9",SAO JOSE DE MIPIBU,Outras,Colisão lateral,Sem Vítimas,Pleno dia,Crescente,Ceu Claro,Dupla,Curva,Urbano,2,0,0,0,1,1,0,2
83487364,04/08/16,Quinta,12:20:00,RN,110,47,MOSSORO,Falta de atenção,Colisão Transversal,Com Vítimas Feridas,Pleno dia,Crescente,Ceu Claro,Dupla,Curva,Urbano,2,0,1,0,1,0,1,2
83487371,05/08/16,Sexta,05:03:00,RN,226,"3,1",NATAL,Animais na Pista,Atropelamento de animal,Sem Vítimas,Amanhecer,Decrescente,Ceu Claro,Simples,Curva,Urbano,1,0,0,0,1,0,0,1
83487395,04/08/16,Quinta,22:20:00,RN,101,100,NATAL,Outras,Colisão lateral,Com Vítimas Feridas,Plena noite,Crescente,Ceu Claro,Múltipla,Reta,Urbano,2,0,1,0,0,1,1,2
83487411,05/08/16,Sexta,07:30:00,RN,304,46,MOSSORO,Não guardar distância de segurança,Colisão traseira,Com Vítimas Feridas,Pleno dia,Decrescente,Sol,Dupla,Reta,Urbano,3,0,0,1,1,1,1,3
83487412,31/07/16,Domingo,22:10:00,RN,304,"43,5",MOSSORO,Falta de atenção,Colisão traseira,Sem Vítimas,Plena noite,Decrescente,Ceu Claro,Dupla,Cruzamento,Rural,2,0,0,0,2,0,0,2
83487431,05/08/16,Sexta,07:50:00,RN,101,97,NATAL,Falta de atenção,Colisão lateral,Com Vítimas Feridas,Pleno dia,Crescente,Ceu Claro,Dupla,Reta,Urbano,2,0,1,0,1,0,1,2
83487443,05/08/16,Sexta,10:50:00,RN,304,30,MOSSORO,Falta de atenção,Colisão traseira,Sem Vítimas,Pleno dia,Crescente,Ceu Claro,Simples,Reta,Rural,2,0,0,0,2,0,0,2
83487464,05/08/16,Sexta,09:00:00,RN,101,102,PARNAMIRIM,Falta de atenção,Colisão lateral,Com Vítimas Feridas,Pleno dia,Decrescente,Sol,Dupla,Reta,Urbano,2,0,1,0,1,0,1,2
83487519,24/06/16,Sexta,17:50:00,RN,304,302,MACAIBA,Outras,Queda de motocicleta / bicicleta / veículo,Com Vítimas Feridas,Anoitecer,Decrescente,Ceu Claro,Dupla,Reta,Urbano,1,0,0,1,0,0,1,1
83487554,05/08/16,Sexta,19:21:00,RN,101,78,SAO GONCALO DO AMARANTE,Animais na Pista,Atropelamento de animal,Com Vítimas Feridas,Plena noite,Crescente,Ceu Claro,Dupla,Reta,Urbano,1,0,0,1,0,0,1,1
83487772,06/08/16,Sábado,14:40:00,RN,101,170,SAO GONCALO DO AMARANTE,Velocidade incompatível,Colisão traseira,Sem Vítimas,Pleno dia,Decrescente,Ceu Claro,Dupla,Reta,Urbano,2,0,0,0,1,1,0,2
83487838,06/08/16,Sábado,20:00:00,RN,406,155,CEARA-MIRIM,Outras,Colisão traseira,Com Vítimas Feridas,Plena noite,Crescente,Ceu Claro,Simples,Reta,Rural,3,0,2,0,1,0,2,2
83487847,06/08/16,Sábado,19:10:00,RN,304,"48,4",MOSSORO,Desobediência à sinalização,Colisão frontal,Com Vítimas Feridas,Plena noite,Crescente,Ceu Claro,Simples,Curva,Urbano,4,0,3,1,0,0,4,2
83487855,06/08/16,Sábado,18:15:00,RN,101,"111,5",PARNAMIRIM,Ingestão de álcool,Colisão traseira,Com Vítimas Feridas,Plena noite,Decrescente,Ceu Claro,Dupla,Reta,Rural,2,0,0,1,1,0,1,2
83487875,07/08/16,Domingo,02:00:00,RN,304,"48,9",MOSSORO,Ingestão de álcool,Colisão com objeto fixo,Sem Vítimas,Plena noite,Decrescente,Ceu Claro,Simples,Reta,Urbano,1,0,0,0,1,0,0,1
83487895,06/08/16,Sábado,23:10:00,RN,101,124,SAO JOSE DE MIPIBU,Outras,Queda de motocicleta / bicicleta / veículo,Com Vítimas Feridas,Plena noite,Crescente,Ceu Claro,Dupla,Reta,Urbano,2,0,2,0,0,0,2,1
83487904,06/08/16,Sábado,16:03:00,RN,304,252,SANTA MARIA,Outras,Saída de Pista,Com Vítimas Feridas,Pleno dia,Decrescente,Ceu Claro,Simples,Reta,Rural,2,0,2,0,0,0,2,1
83487950,07/08/16,Domingo,07:40:00,RN,101,"123,6",SAO JOSE DE MIPIBU,Dormindo,Colisão com objeto fixo,Com Vítimas Feridas,Pleno dia,Crescente,Ceu Claro,Múltipla,Reta,Urbano,1,0,1,0,0,0,1,1
83487961,03/08/16,Quarta,23:20:00,RN,101,"106,2",PARNAMIRIM,Velocidade incompatível,Colisão traseira,Com Vítimas Fatais,Plena noite,Decrescente,Ignorada,Dupla,Reta,Urbano,2,1,0,0,0,1,0,2
83488040,07/08/16,Domingo,15:30:00,RN,101,"100,7",PARNAMIRIM,Outras,Colisão traseira,Com Vítimas Feridas,Pleno dia,Decrescente,Ceu Claro,Dupla,Curva,Urbano,4,0,2,0,2,0,2,2
83488094,07/08/16,Domingo,18:00:00,RN,101,125,SAO JOSE DE MIPIBU,Falta de atenção,Atropelamento de pessoa,Com Vítimas Feridas,Plena noite,Decrescente,Ceu Claro,Dupla,Curva,Urbano,2,0,0,1,0,1,1,1
83488102,07/08/16,Domingo,18:30:00,RN,226,"174,4",CURRAIS NOVOS,Ingestão de álcool,Colisão com objeto fixo,Com Vítimas Feridas,Plena noite,Crescente,Ceu Claro,Simples,Reta,Urbano,1,0,1,0,0,0,1,1
83488109,07/08/16,Domingo,20:40:00,RN,406,149,CEARA-MIRIM,Ingestão de álcool,Colisão frontal,Com Vítimas Feridas,Plena noite,Decrescente,Ceu Claro,Simples,Cruzamento,Urbano,2,0,2,0,0,0,2,2
83488138,07/08/16,Domingo,23:05:00,RN,110,"46,7",MOSSORO,Outras,Colisão lateral,Com Vítimas Feridas,Plena noite,Decrescente,Ceu Claro,Simples,Reta,Urbano,3,0,1,0,2,0,1,2
83488151,07/08/16,Domingo,23:45:00,RN,101,"103,9",PARNAMIRIM,Outras,Queda de motocicleta / bicicleta / veículo,Com Vítimas Feridas,Plena noite,Crescente,Nublado,Dupla,Reta,Urbano,2,0,2,0,0,0,2,1
83488235,03/08/16,Quarta,17:50:00,RN,101,75,NATAL,Não guardar distância de segurança,Colisão traseira,Com Vítimas Feridas,Plena noite,Decrescente,Ceu Claro,Dupla,Curva,Rural,2,0,1,0,1,0,1,2
83488316,29/07/16,Sexta,22:30:00,RN,101,113,PARNAMIRIM,Outras,Colisão traseira,Sem Vítimas,Plena noite,Decrescente,Ceu Claro,Dupla,Reta,Urbano,2,0,0,0,2,0,0,2
83488347,08/08/16,Segunda,13:30:00,RN,101,"96,6",NATAL,Não guardar distância de segurança,Colisão lateral,Sem Vítimas,Pleno dia,Decrescente,Sol,Dupla,Curva,Urbano,2,0,0,0,2,0,0,2
83488437,08/08/16,Segunda,18:30:00,RN,304,"38,2",MOSSORO,Outras,Atropelamento de pessoa,Com Vítimas Fatais,Plena noite,Crescente,Ceu Claro,Dupla,Reta,Urbano,2,1,0,0,1,0,0,1
83488488,05/08/16,Sexta,20:00:00,RN,101,"95,8",NATAL,Falta de atenção,Colisão traseira,Com Vítimas Feridas,Plena noite,Decrescente,Nublado,Múltipla,Reta,Urbano,4,0,2,0,2,0,2,3
83488510,08/08/16,Segunda,03:40:00,RN,226,"288,9",CAMPO GRANDE,Outras,Colisão Transversal,Com Vítimas Fatais,Plena noite,Decrescente,Ignorada,Simples,Reta,Urbano,3,1,1,1,0,0,2,2
83488550,09/08/16,Terça,11:30:00,RN,101,"83,4",SAO GONCALO DO AMARANTE,Outras,Colisão traseira,Com Vítimas Feridas,Pleno dia,Crescente,Ceu Claro,Dupla,Reta,Urbano,2,0,0,1,1,0,1,2
83488555,09/08/16,Terça,11:45:00,RN,304,269,SAO PEDRO,Falta de atenção,Colisão lateral,Com Vítimas Feridas,Pleno dia,Crescente,Ceu Claro,Simples,Curva,Rural,2,0,1,0,1,0,1,2
83488621,09/08/16,Terça,14:20:00,RN,110,"47,3",MOSSORO,Falta de atenção,Colisão traseira,Sem Vítimas,Pleno dia,Decrescente,Sol,Simples,Reta,Urbano,7,0,0,0,6,1,0,5
83488661,09/08/16,Terça,12:30:00,RN,304,"292,7",MACAIBA,Falta de atenção,Colisão traseira,Com Vítimas Feridas,Pleno dia,Crescente,Sol,Simples,Reta,Rural,2,0,1,0,1,0,1,2
83488677,09/08/16,Terça,20:30:00,RN,101,"103,5",PARNAMIRIM,Falta de atenção,Colisão lateral,Com Vítimas Feridas,Plena noite,Crescente,Ceu Claro,Dupla,Reta,Urbano,3,0,2,0,1,0,2,2
83488756,30/07/16,Sábado,05:55:00,RN,110,72,MOSSORO,Outras,Saída de Pista,Com Vítimas Feridas,Pleno dia,Crescente,Ceu Claro,Simples,Reta,Rural,1,0,0,1,0,0,1,1
83488856,07/08/16,Domingo,05:40:00,RN,101,99,NATAL,Ingestão de álcool,Queda de motocicleta / bicicleta / veículo,Com Vítimas Feridas,Pleno dia,Crescente,Ceu Claro,Múltipla,Reta,Urbano,2,0,2,0,0,0,2,1
83488925,08/08/16,Segunda,02:30:00,RN,226,"290,4",CAMPO GRANDE,Outras,Saída de Pista,Com Vítimas Fatais,Plena noite,Crescente,Ceu Claro,Simples,Reta,Rural,1,1,0,0,0,0,0,1
83488973,10/08/16,Quarta,21:20:00,RN,101,"113,2",SAO JOSE DE MIPIBU,Outras,Colisão com objeto fixo,Com Vítimas Fatais,Plena noite,Decrescente,Ceu Claro,Dupla,Reta,Rural,3,1,0,2,0,0,2,1
83489055,11/08/16,Quinta,07:25:00,RN,101,"98,5",NATAL,Falta de atenção,Colisão lateral,Sem Vítimas,Pleno dia,Decrescente,Ceu Claro,Dupla,Reta,Urbano,3,0,0,0,3,0,0,3
83489088,09/08/16,Terça,23:10:00,RN,110,"5,9",AREIA BRANCA,Animais na Pista,Atropelamento de animal,Sem Vítimas,Plena noite,Decrescente,Ignorada,Simples,Reta,Rural,2,0,0,0,2,0,0,1
83489315,12/08/16,Sexta,07:10:00,RN,101,109,PARNAMIRIM,Falta de atenção,Colisão traseira,Com Vítimas Feridas,Pleno dia,Decrescente,Ceu Claro,Dupla,Reta,Rural,2,0,1,0,1,0,1,2
83489375,12/08/16,Sexta,15:35:00,RN,101,"102,5",PARNAMIRIM,Falta de atenção,Colisão traseira,Sem Vítimas,Pleno dia,Crescente,Ceu Claro,Múltipla,Reta,Urbano,3,0,0,0,3,0,0,3
83489457,09/08/16,Terça,05:00:00,RN,101,"149,8",GOIANINHA,Animais na Pista,Atropelamento de animal,Com Vítimas Feridas,Amanhecer,Decrescente,Ceu Claro,Múltipla,Cruzamento,Urbano,1,0,0,1,0,0,1,1
83489501,13/08/16,Sábado,00:35:00,RN,101,"99,9",NATAL,Desobediência à sinalização,Colisão Transversal,Com Vítimas Feridas,Plena noite,Crescente,Vento,Múltipla,Cruzamento,Urbano,7,0,3,0,1,3,3,2
83489536,06/08/16,Sábado,04:40:00,RN,304,91,ASSU,Ultrapassagem indevida,Derramamento de Carga,Sem Vítimas,Plena noite,Crescente,Ignorada,Simples,Reta,Rural,4,0,0,0,4,0,0,3
83489642,13/08/16,Sábado,14:45:00,RN,304,47,MOSSORO,Desobediência à sinalização,Colisão traseira,Com Vítimas Feridas,Pleno dia,Crescente,Sol,Dupla,Curva,Urbano,2,0,1,0,1,0,1,2
83489671,13/08/16,Sábado,17:40:00,RN,101,107,NATAL,Desobediência à sinalização,Colisão Transversal,Sem Vítimas,Anoitecer,Decrescente,Ceu Claro,Dupla,Cruzamento,Urbano,2,0,0,0,2,0,0,2
83489694,13/08/16,Sábado,18:10:00,RN,405,"1,7",MOSSORO,Falta de atenção,Colisão com bicicleta,Com Vítimas Feridas,Anoitecer,Decrescente,Ceu Claro,Dupla,Reta,Urbano,2,0,1,1,0,0,2,2
83489703,13/08/16,Sábado,11:40:00,RN,304,"294,2",MACAIBA,Falta de atenção,Colisão traseira,Com Vítimas Feridas,Pleno dia,Crescente,Ceu Claro,Simples,Reta,Rural,2,0,1,0,1,0,1,2
83489839,08/08/16,Segunda,17:29:00,RN,110,49,MOSSORO,Falta de atenção,Colisão lateral,Com Vítimas Feridas,Anoitecer,Crescente,Ceu Claro,Dupla,Cruzamento,Urbano,4,0,0,1,3,0,1,2
83489896,12/08/16,Sexta,22:00:00,RN,405,"159,1",RAFAEL FERNANDES,Outras,Atropelamento de pessoa,Com Vítimas Feridas,Plena noite,Crescente,Ceu Claro,Simples,Reta,Rural,3,0,1,2,0,0,3,1
83489983,14/08/16,Domingo,15:00:00,RN,226,"83,7",TANGARA,Desobediência à sinalização,Colisão lateral,Com Vítimas Feridas,Pleno dia,Decrescente,Sol,Simples,Reta,Urbano,3,0,1,1,1,0,2,2
83489985,14/08/16,Domingo,14:29:00,RN,226,"1,1",NATAL,Falta de atenção,Colisão Transversal,Com Vítimas Feridas,Pleno dia,Decrescente,Ceu Claro,Dupla,Cruzamento,Urbano,3,0,2,0,1,0,2,2
83490192,15/08/16,Segunda,10:35:00,RN,101,83,SAO GONCALO DO AMARANTE,Falta de atenção,Colisão lateral,Com Vítimas Feridas,Pleno dia,Crescente,Chuva,Dupla,Reta,Urbano,2,0,1,0,1,0,1,2
83490217,13/08/16,Sábado,18:00:00,RN,304,"38,1",MOSSORO,Ingestão de álcool,Colisão Transversal,Com Vítimas Feridas,Anoitecer,Crescente,Ceu Claro,Dupla,Reta,Urbano,3,0,1,1,1,0,2,2
83490316,15/08/16,Segunda,13:50:00,RN,406,"151,4",CEARA-MIRIM,Falta de atenção,Colisão Transversal,Com Vítimas Feridas,Pleno dia,Crescente,Sol,Simples,Curva,Urbano,2,0,2,0,0,0,2,2
83490330,15/08/16,Segunda,17:50:00,RN,304,46,MOSSORO,Falta de atenção,Colisão Transversal,Com Vítimas Feridas,Anoitecer,Decrescente,Ceu Claro,Dupla,Cruzamento,Urbano,2,0,1,0,1,0,1,2
83490344,15/08/16,Segunda,16:30:00,RN,110,"47,2",MOSSORO,Falta de atenção,Saída de Pista,Com Vítimas Feridas,Pleno dia,Decrescente,Ceu Claro,Simples,Reta,Urbano,1,0,1,0,0,0,1,1
83490478,23/07/16,Sábado,11:20:00,RN,101,102,PARNAMIRIM,Outras,Colisão traseira,Sem Vítimas,Pleno dia,Crescente,Sol,Dupla,Reta,Urbano,2,0,0,0,2,0,0,2
83490601,16/08/16,Terça,17:30:00,RN,304,"208,7",CAICARA DO RIO DO VENTO,Falta de atenção,Colisão Transversal,Com Vítimas Feridas,Anoitecer,Decrescente,Ceu Claro,Simples,Reta,Rural,3,0,1,0,2,0,1,2
83490669,13/08/16,Sábado,22:55:00,RN,101,"96,8",NATAL,Defeito mecânico em veículo,Colisão lateral,Com Vítimas Feridas,Plena noite,Decrescente,Ceu Claro,Dupla,Reta,Urbano,3,0,1,1,1,0,2,2
83490707,30/07/16,Sábado,17:05:00,RN,304,71,MOSSORO,Falta de atenção,Colisão Transversal,Com Vítimas Feridas,Anoitecer,Decrescente,Ceu Claro,Simples,Reta,Rural,7,0,5,0,2,0,5,2
83490984,18/08/16,Quinta,07:10:00,RN,101,85,NATAL,Não guardar distância de segurança,Queda de motocicleta / bicicleta / veículo,Com Vítimas Feridas,Pleno dia,Crescente,Sol,Dupla,Reta,Urbano,2,0,2,0,0,0,2,1
83490986,19/06/16,Domingo,10:00:00,RN,101,100,NATAL,Outras,Colisão lateral,Com Vítimas Feridas,Pleno dia,Crescente,Ceu Claro,Dupla,Reta,Urbano,2,0,1,0,0,1,1,2
83490993,11/08/16,Quinta,05:55:00,RN,101,83,SAO GONCALO DO AMARANTE,Falta de atenção,Atropelamento de pessoa,Com Vítimas Feridas,Pleno dia,Crescente,Sol,Dupla,Reta,Urbano,3,0,3,0,0,0,3,1
83491002,14/08/16,Domingo,22:00:00,RN,101,69,EXTREMOZ,Outras,Colisão traseira,Com Vítimas Feridas,Plena noite,Crescente,Ceu Claro,Simples,Reta,Urbano,2,0,0,1,1,0,1,2
83491051,18/08/16,Quinta,12:15:00,RN,101,104,PARNAMIRIM,Não guardar distância de segurança,Colisão lateral,Com Vítimas Feridas,Pleno dia,Crescente,Ceu Claro,Simples,Reta,Urbano,3,0,2,0,0,1,2,2
83491113,18/08/16,Quinta,13:58:00,RN,110,"47,3",MOSSORO,Falta de atenção,Colisão traseira,Sem Vítimas,Pleno dia,Decrescente,Sol,Simples,Reta,Urbano,2,0,0,0,1,1,0,2
83491246,16/08/16,Terça,20:20:00,RN,226,"67,8",SERRA CAIADA,Animais na Pista,Atropelamento de animal,Sem Vítimas,Anoitecer,Decrescente,Ceu Claro,Simples,Reta,Rural,1,0,0,0,1,0,0,1
83491336,07/08/16,Domingo,18:30:00,RN,101,"83,3",NATAL,Animais na Pista,Atropelamento de animal,Com Vítimas Feridas,Plena noite,Decrescente,Ceu Claro,Dupla,Reta,Urbano,1,0,1,0,0,0,1,1
83491451,18/08/16,Quinta,03:30:00,RN,101,137,ARES,Defeito na via,Capotamento,Sem Vítimas,Amanhecer,Crescente,Nublado,Dupla,Reta,Rural,2,0,0,0,2,0,0,1
83491512,19/08/16,Sexta,17:32:00,RN,304,"42,5",MOSSORO,Ingestão de álcool,Colisão traseira,Com Vítimas Feridas,Pleno dia,Crescente,Sol,Dupla,Reta,Urbano,2,0,2,0,0,0,2,2
83491645,18/08/16,Quinta,19:40:00,RN,304,"47,6",MOSSORO,Desobediência à sinalização,Colisão Transversal,Sem Vítimas,Plena noite,Crescente,Ceu Claro,Dupla,Reta,Urbano,2,0,0,0,2,0,0,2
83491759,20/08/16,Sábado,14:25:00,RN,101,"96,4",NATAL,Defeito mecânico em veículo,Colisão lateral,Com Vítimas Feridas,Pleno dia,Crescente,Ceu Claro,Dupla,Curva,Urbano,3,0,1,0,1,1,1,3
83491797,14/08/16,Domingo,02:30:00,RN,101,140,ARES,Outras,Capotamento,Com Vítimas Feridas,Plena noite,Decrescente,Ceu Claro,Dupla,Reta,Rural,3,0,2,0,1,0,2,1
83491822,20/08/16,Sábado,19:20:00,RN,304,"295,5",MACAIBA,Falta de atenção,Colisão Transversal,Com Vítimas Feridas,Plena noite,Decrescente,Ceu Claro,Simples,Reta,Rural,3,0,1,0,2,0,1,2
83491848,20/08/16,Sábado,21:40:00,RN,304,"33,9",MOSSORO,Outras,Colisão lateral,Com Vítimas Feridas,Plena noite,Crescente,Nublado,Dupla,Reta,Urbano,4,0,3,0,0,1,3,2
83491885,20/08/16,Sábado,19:20:00,RN,304,"41,6",MOSSORO,Falta de atenção,Atropelamento de pessoa,Com Vítimas Fatais,Plena noite,Decrescente,Ceu Claro,Dupla,Reta,Urbano,2,1,0,0,1,0,0,1
83491887,21/08/16,Domingo,00:10:00,RN,101,"84,9",NATAL,Outras,Colisão Transversal,Sem Vítimas,Plena noite,Decrescente,Ceu Claro,Dupla,Reta,Urbano,2,0,0,0,1,1,0,2
83492280,25/07/16,Segunda,19:25:00,RN,101,109,SAO JOSE DE MIPIBU,Desobediência à sinalização,Colisão lateral,Com Vítimas Feridas,Plena noite,Crescente,Ceu Claro,Múltipla,Reta,Urbano,3,0,0,2,1,0,2,2