id,data_inversa,dia_semana,horario,uf,br,km,municipio,causa_acidente,tipo_acidente,classificacao_acidente,fase_dia,sentido_via,condicao_metereologica,tipo_pista,tracado_via,uso_solo,pessoas,mortos,feridos_leves,feridos_graves,ilesos,ignorados,feridos,veiculos
83492319,22/08/16,Segunda,15:40:00,RN,110,"46,7",MOSSORO,Desobediência à sinalização,Colisão Transversal,Com Vítimas Feridas,Pleno dia,Crescente,Ceu Claro,Dupla,Cruzamento,Urbano,2,0,1,0,1,0,1,2
83492342,13/08/16,Sábado,18:00:00,RN,406,"164,1",CEARA-MIRIM,Outras,Colisão Transversal,Com Vítimas Feridas,Plena noite,Crescente,Ceu Claro,Simples,Curva,Rural,2,0,0,1,0,1,1,2
83492452,23/08/16,Terça,07:40:00,RN,304,45,MOSSORO,Outras,Derramamento de Carga,Sem Vítimas,Pleno dia,Decrescente,Ceu Claro,Simples,Curva,Urbano,1,0,0,0,1,0,0,1
83492514,23/08/16,Terça,11:39:00,RN,406,167,SAO GONCALO DO AMARANTE,Outras,Colisão traseira,Sem Vítimas,Pleno dia,Crescente,Ceu Claro,Dupla,Reta,Urbano,2,0,0,0,2,0,0,2
83492590,23/08/16,Terça,15:00:00,RN,226,228,FLORANIA,Falta de atenção,Colisão lateral,Com Vítimas Feridas,Pleno dia,Crescente,Ceu Claro,Simples,Reta,Rural,2,0,0,1,1,0,1,2
83492618,23/08/16,Terça,18:05:00,RN,101,96,NATAL,Não guardar distância de segurança,Colisão traseira,Sem Vítimas,Plena noite,Crescente,Ceu Claro,Dupla,Reta,Urbano,2,0,0,0,2,0,0,2
83492655,23/08/16,Terça,14:30:00,RN,101,110,PARNAMIRIM,Outras,Colisão lateral,Com Vítimas Feridas,Pleno dia,Crescente,Ceu Claro,Dupla,Reta,Rural,2,0,0,1,1,0,1,2
83492731,20/08/16,Sábado,19:10:00,RN,101,59,CEARA-MIRIM,Outras,Colisão Transversal,Com Vítimas Feridas,Plena noite,Decrescente,Ceu Claro,Simples,Reta,Rural,5,0,4,0,0,1,4,2
83492758,20/08/16,Sábado,13:15:00,RN,226,81,TANGARA,Outras,Colisão lateral,Com Vítimas Feridas,Pleno dia,Crescente,Chuva,Simples,Curva,Rural,6,0,5,0,1,0,5,2
83492789,20/08/16,Sábado,18:50:00,RN,406,"31,9",GUAMARE,Falta de atenção,Colisão Transversal,Com Vítimas Feridas,Plena noite,Decrescente,Ceu Claro,Simples,Reta,Urbano,2,0,0,1,1,0,1,2
83492814,13/08/16,Sábado,21:30:00,RN,101,"94,6",NATAL,Outras,Atropelamento de pessoa,Com Vítimas Feridas,Plena noite,Decrescente,Ceu Claro,Dupla,Reta,Urbano,2,0,0,1,1,0,1,1
83492854,20/08/16,Sábado,17:30:00,RN,304,"31,6",MOSSORO,Falta de atenção,Colisão com bicicleta,Com Vítimas Feridas,Anoitecer,Crescente,Ceu Claro,Simples,Reta,Urbano,2,0,0,1,0,1,1,2
83492869,24/08/16,Quarta,14:45:00,RN,405,"18,6",MOSSORO,Outras,Saída de Pista,Com Vítimas Feridas,Pleno dia,Decrescente,Sol,Simples,Reta,Rural,1,0,1,0,0,0,1,1
83493006,25/08/16,Quinta,08:30:00,RN,304,232,RIACHUELO,Ultrapassagem indevida,Saída de Pista,Com Vítimas Feridas,Pleno dia,Crescente,Ceu Claro,Simples,Reta,Rural,2,0,1,0,1,0,1,2
83493070,25/08/16,Quinta,09:40:00,RN,101,98,NATAL,Falta de atenção,Colisão traseira,Com Vítimas Feridas,Pleno dia,Decrescente,Ceu Claro,Múltipla,Reta,Urbano,2,0,0,1,1,0,1,2
83493088,25/08/16,Quinta,09:20:00,RN,226,345,PATU,Outras,Atropelamento de pessoa,Com Vítimas Feridas,Pleno dia,Decrescente,Sol,Simples,Reta,Rural,3,0,3,0,0,0,3,1
83493155,21/08/16,Domingo,22:00:00,RN,101,"81,4",NATAL,Outras,Colisão Transversal,Sem Vítimas,Plena noite,Decrescente,Ceu Claro,Dupla,Reta,Urbano,2,0,0,0,1,1,0,2
83493203,26/08/16,Sexta,00:01:00,RN,101,106,PARNAMIRIM,Desobediência à sinalização,Colisão frontal,Com Vítimas Feridas,Plena noite,Decrescente,Ceu Claro,Dupla,Reta,Urbano,2,0,0,1,0,1,1,2
83493279,25/08/16,Quinta,06:10:00,RN,304,"304,6",PARNAMIRIM,Defeito mecânico em veículo,Saída de Pista,Sem Vítimas,Amanhecer,Crescente,Ceu Claro,Dupla,Reta,Urbano,2,0,0,0,2,0,0,1
83493325,26/08/16,Sexta,06:20:00,RN,226,"1,2",NATAL,Falta de atenção,Colisão Transversal,Com Vítimas Feridas,Pleno dia,Crescente,Ceu Claro,Simples,Reta,Urbano,3,0,1,1,1,0,2,2
83493399,26/08/16,Sexta,09:55:00,RN,226,"8,2",MACAIBA,Outras,Atropelamento de pessoa,Com Vítimas Fatais,Pleno dia,Decrescente,Sol,Simples,Reta,Urbano,2,1,0,0,1,0,0,1
83493434,26/08/16,Sexta,18:30:00,RN,304,"33,5",MOSSORO,Outras,Atropelamento de pessoa,Com Vítimas Feridas,Plena noite,Crescente,Ceu Claro,Dupla,Reta,Rural,2,0,1,1,0,0,2,1
83493478,27/08/16,Sábado,01:00:00,RN,101,"99,4",NATAL,Outras,Capotamento,Com Vítimas Feridas,Plena noite,Crescente,Ceu Claro,Dupla,Reta,Urbano,1,0,0,1,0,0,1,1
83493563,19/08/16,Sexta,20:00:00,RN,101,"96,3",NATAL,Outras,Tombamento,Com Vítimas Feridas,Plena noite,Crescente,Ceu Claro,Múltipla,Curva,Urbano,2,0,2,0,0,0,2,1
83493603,27/08/16,Sábado,11:55:00,RN,101,"82,9",NATAL,Falta de atenção,Colisão Transversal,Sem Vítimas,Pleno dia,Decrescente,Ceu Claro,Dupla,Reta,Urbano,2,0,0,0,2,0,0,2
83493604,19/08/16,Sexta,18:20:00,RN,101,102,PARNAMIRIM,Outras,Atropelamento de pessoa,Com Vítimas Fatais,Plena noite,Crescente,Ceu Claro,Múltipla,Reta,Urbano,2,1,0,0,1,0,0,1
83493610,27/08/16,Sábado,13:33:00,RN,101,"81,9",SAO GONCALO DO AMARANTE,Desobediência à sinalização,Atropelamento de pessoa,Com Vítimas Feridas,Pleno dia,Crescente,Ceu Claro,Dupla,Reta,Urbano,3,0,3,0,0,0,3,1
83493622,27/08/16,Sábado,07:30:00,RN,101,"100,5",PARNAMIRIM,Não guardar distância de segurança,Colisão lateral,Com Vítimas Feridas,Pleno dia,Decrescente,Sol,Múltipla,Reta,Urbano,2,0,1,0,0,1,1,2
83493649,27/08/16,Sábado,13:15:00,RN,405,"0,5",MOSSORO,Falta de atenção,Colisão Transversal,Com Vítimas Feridas,Pleno dia,Crescente,Sol,Simples,Reta,Urbano,2,0,1,1,0,0,2,2
83493770,09/08/16,Terça,09:10:00,RN,101,"95,4",NATAL,Falta de atenção,Colisão lateral,Com Vítimas Feridas,Pleno dia,Decrescente,Ceu Claro,Dupla,Reta,Urbano,2,0,1,0,1,0,1,2
83493863,24/08/16,Quarta,11:00:00,RN,427,"97,4",CAICO,Falta de atenção,Colisão Transversal,Sem Vítimas,Pleno dia,Crescente,Ceu Claro,Simples,Reta,Urbano,2,0,0,0,2,0,0,2
83493923,28/08/16,Domingo,13:15:00,RN,101,"139,2",ARES,Outras,Capotamento,Com Vítimas Feridas,Pleno dia,Decrescente,Sol,Dupla,Reta,Rural,1,0,1,0,0,0,1,1
83494094,28/08/16,Domingo,18:25:00,RN,101,"107,4",PARNAMIRIM,Ingestão de álcool,Colisão Transversal,Com Vítimas Feridas,Plena noite,Crescente,Ceu Claro,Dupla,Reta,Urbano,2,0,2,0,0,0,2,2
83494168,20/08/16,Sábado,04:00:00,RN,101,"110,8",PARNAMIRIM,Outras,Colisão traseira,Com Vítimas Feridas,Plena noite,Decrescente,Chuva,Dupla,Reta,Rural,3,0,0,2,1,0,2,2
83494171,22/08/16,Segunda,13:30:00,RN,304,85,ASSU,Falta de atenção,Colisão Transversal,Com Vítimas Feridas,Pleno dia,Decrescente,Ceu Claro,Simples,Reta,Urbano,2,0,0,1,0,1,1,2
83494214,18/06/16,Sábado,05:00:00,RN,110,47,MOSSORO,Ingestão de álcool,Atropelamento de animal,Com Vítimas Feridas,Pleno dia,Decrescente,Ceu Claro,Simples,Reta,Urbano,2,0,1,1,0,0,2,1
83494233,21/08/16,Domingo,00:35:00,RN,304,35,MOSSORO,Ingestão de álcool,Colisão com objeto fixo,Com Vítimas Feridas,Plena noite,Decrescente,Ceu Claro,Dupla,Reta,Urbano,1,0,0,1,0,0,1,1
83494237,25/08/16,Quinta,22:50:00,RN,304,37,MOSSORO,Ingestão de álcool,Colisão lateral,Com Vítimas Feridas,Plena noite,Crescente,Ceu Claro,Dupla,Curva,Urbano,3,0,2,0,1,0,2,2
83494257,10/07/16,Domingo,10:40:00,RN,101,78,NATAL,Falta de atenção,Colisão lateral,Com Vítimas Feridas,Pleno dia,Decrescente,Sol,Dupla,Cruzamento,Urbano,2,0,0,1,1,0,1,2
83494288,29/08/16,Segunda,17:50:00,RN,406,169,SAO GONCALO DO AMARANTE,Falta de atenção,Colisão Transversal,Com Vítimas Feridas,Anoitecer,Decrescente,Ceu Claro,Dupla,Reta,Urbano,5,0,4,0,1,0,4,2
83494293,29/08/16,Segunda,08:00:00,RN,226,"411,4",PAU DOS FERROS,Falta de atenção,Colisão traseira,Com Vítimas Feridas,Pleno dia,Decrescente,Sol,Simples,Cruzamento,Rural,2,0,1,1,0,0,2,2
83494355,29/08/16,Segunda,13:15:00,RN,101,"152,4",GOIANINHA,Outras,Saída de Pista,Com Vítimas Feridas,Pleno dia,Decrescente,Ceu Claro,Dupla,Reta,Rural,2,0,2,0,0,0,2,1
83494835,31/08/16,Quarta,10:20:00,RN,226,"385,4",ANTONIO MARTINS,Outras,Colisão traseira,Com Vítimas Fatais,Pleno dia,Decrescente,Ceu Claro,Dupla,Reta,Rural,3,1,1,0,1,0,1,2
83494849,31/08/16,Quarta,20:55:00,RN,101,86,NATAL,Outras,Colisão traseira,Sem Vítimas,Plena noite,Decrescente,Ceu Claro,Dupla,Reta,Urbano,3,0,0,0,3,0,0,3
83495134,01/09/16,Quinta,07:20:00,RN,304,48,MOSSORO,Animais na Pista,Colisão traseira,Com Vítimas Feridas,Pleno dia,Decrescente,Ceu Claro,Simples,Reta,Urbano,7,0,1,0,6,0,1,5
83495208,02/09/16,Sexta,10:40:00,RN,101,"75,4",EXTREMOZ,Outras,Colisão com objeto fixo,Com Vítimas Feridas,Pleno dia,Crescente,Sol,Dupla,Curva,Rural,1,0,0,1,0,0,1,1
83495210,02/09/16,Sexta,08:30:00,RN,101,95,NATAL,Não guardar distância de segurança,Colisão lateral,Com Vítimas Feridas,Pleno dia,Crescente,Ceu Claro,Simples,Reta,Urbano,3,0,1,0,2,0,1,3
83495212,02/09/16,Sexta,08:25:00,RN,101,97,NATAL,Não guardar distância de segurança,Colisão traseira,Com Vítimas Feridas,Pleno dia,Decrescente,Ceu Claro,Dupla,Reta,Urbano,3,0,1,0,2,0,1,3
83495369,02/09/16,Sexta,15:30:00,RN,101,"102,5",PARNAMIRIM,Não guardar distância de segurança,Colisão traseira,Sem Vítimas,Pleno dia,Crescente,Ceu Claro,Dupla,Reta,Urbano,2,0,0,0,2,0,0,2
83495397,02/09/16,Sexta,21:50:00,RN,304,255,SANTA MARIA,Animais na Pista,Saída de Pista,Sem Vítimas,Plena noite,Crescente,Ceu Claro,Simples,Reta,Urbano,1,0,0,0,1,0,0,1
83495525,03/09/16,Sábado,09:55:00,RN,406,151,CEARA-MIRIM,Outras,Colisão Transversal,Com Vítimas Feridas,Pleno dia,Decrescente,Sol,Simples,Reta,Urbano,3,0,0,2,1,0,2,2
83495532,23/08/16,Terça,19:50:00,RN,406,"103,2",JOAO CAMARA,Desobediência à sinalização,Colisão Transversal,Com Vítimas Feridas,Plena noite,Crescente,Ceu Claro,Simples,Reta,Urbano,3,0,2,0,1,0,2,2
83495543,27/08/16,Sábado,12:50:00,RN,406,170,SAO GONCALO DO AMARANTE,Falta de atenção,Colisão com objeto fixo,Com Vítimas Feridas,Pleno dia,Decrescente,Sol,Dupla,Reta,Urbano,1,0,0,1,0,0,1,1
83495625,03/09/16,Sábado,19:25:00,RN,304,"9,1",MOSSORO,Outras,Colisão frontal,Ignorado,Plena noite,Crescente,Ceu Claro,Simples,Reta,Rural,2,0,0,0,0,2,0,2
83495632,03/09/16,Sábado,22:40:00,RN,101,"80,8",NATAL,Outras,Colisão Transversal,Com Vítimas Feridas,Plena noite,Crescente,Vento,Dupla,Cruzamento,Urbano,2,0,1,0,1,0,1,2
83495772,27/08/16,Sábado,19:15:00,RN,110,35,MOSSORO,Animais na Pista,Atropelamento de animal,Com Vítimas Feridas,Plena noite,Decrescente,Ceu Claro,Simples,Reta,Rural,4,0,3,1,0,0,4,2
83495860,04/09/16,Domingo,18:50:00,RN,304,297,MACAIBA,Falta de atenção,Colisão Transversal,Com Vítimas Feridas,Plena noite,Decrescente,Ceu Claro,Simples,Reta,Urbano,3,0,0,2,1,0,2,2
83495870,04/09/16,Domingo,16:15:00,RN,304,"236,4",RIACHUELO,Falta de atenção,Colisão Transversal,Com Vítimas Feridas,Anoitecer,Decrescente,Ceu Claro,Simples,Reta,Rural,3,0,1,0,2,0,1,2
83495881,04/09/16,Domingo,18:30:00,RN,110,"4,2",AREIA BRANCA,Ingestão de álcool,Colisão frontal,Com Vítimas Feridas,Plena noite,Decrescente,Ceu Claro,Simples,Reta,Urbano,2,0,0,1,1,0,1,2
83495957,04/09/16,Domingo,12:40:00,RN,405,152,PAU DOS FERROS,Falta de atenção,Colisão Transversal,Com Vítimas Feridas,Pleno dia,Decrescente,Ignorada,Simples,Reta,Urbano,3,0,2,0,1,0,2,2
83495959,05/09/16,Segunda,01:30:00,RN,101,"155,5",GOIANINHA,Falta de atenção,Atropelamento de pessoa,Com Vítimas Fatais,Plena noite,Crescente,Ceu Claro,Dupla,Reta,Rural,2,1,0,0,0,1,0,1
83495993,05/09/16,Segunda,06:01:00,RN,406,"155,8",CEARA-MIRIM,Ultrapassagem indevida,Colisão traseira,Com Vítimas Feridas,Pleno dia,Crescente,Ceu Claro,Simples,Reta,Rural,3,0,0,1,2,0,1,3
83496010,05/09/16,Segunda,06:40:00,RN,101,"100,5",PARNAMIRIM,Não guardar distância de segurança,Colisão traseira,Com Vítimas Feridas,Pleno dia,Decrescente,Nublado,Dupla,Curva,Urbano,2,0,0,1,1,0,1,2
83496104,05/09/16,Segunda,04:30:00,RN,405,153,PAU DOS FERROS,Outras,Colisão com objeto fixo,Ignorado,Plena noite,Crescente,Ignorada,Simples,Reta,Rural,1,0,0,0,0,1,0,1
83496133,05/09/16,Segunda,17:10:00,RN,101,"82,7",SAO GONCALO DO AMARANTE,Não guardar distância de segurança,Colisão traseira,Sem Vítimas,Pleno dia,Crescente,Sol,Dupla,Reta,Urbano,2,0,0,0,2,0,0,2
83496223,05/09/16,Segunda,19:54:00,RN,226,"2,4",NATAL,Desobediência à sinalização,Colisão Transversal,Com Vítimas Feridas,Plena noite,Decrescente,Ceu Claro,Dupla,Reta,Urbano,2,0,0,1,1,0,1,2
83496310,06/09/16,Terça,10:00:00,RN,427,"99,9",CAICO,Falta de atenção,Colisão Transversal,Sem Vítimas,Pleno dia,Crescente,Ceu Claro,Simples,Reta,Rural,2,0,0,0,2,0,0,2
83496362,27/08/16,Sábado,23:15:00,RN,304,31,MOSSORO,Animais na Pista,Atropelamento de animal,Com Vítimas Feridas,Plena noite,Decrescente,Ignorada,Simples,Reta,Urbano,2,0,0,1,0,1,1,1
83496565,07/09/16,Quarta,09:30:00,RN,101,84,SAO GONCALO DO AMARANTE,Falta de atenção,Colisão traseira,Sem Vítimas,Pleno dia,Crescente,Sol,Dupla,Reta,Urbano,2,0,0,0,2,0,0,2
83496610,07/09/16,Quarta,10:30:00,RN,101,107,PARNAMIRIM,Outras,Colisão lateral,Com Vítimas Feridas,Pleno dia,Decrescente,Ceu Claro,Dupla,Reta,Urbano,4,0,3,0,0,1,3,3
83496674,07/09/16,Quarta,11:00:00,RN,304,"107,5",ASSU,Desobediência à sinalização,Colisão Transversal,Com Vítimas Feridas,Pleno dia,Crescente,Ceu Claro,Simples,Reta,Rural,3,0,1,1,1,0,2,2
83496742,26/08/16,Sexta,13:40:00,RN,110,"46,8",MOSSORO,Falta de atenção,Colisão Transversal,Com Vítimas Feridas,Pleno dia,Decrescente,Ceu Claro,Simples,Cruzamento,Urbano,2,0,1,0,1,0,1,2
83496743,07/09/16,Quarta,14:15:00,RN,405,171,RIACHO DE SANTANA,Outras,Colisão lateral,Com Vítimas Feridas,Pleno dia,Decrescente,Ceu Claro,Simples,Reta,Rural,2,0,0,1,1,0,1,2
83496806,14/07/16,Quinta,12:20:00,RN,226,"58,4",BOM JESUS,Outras,Colisão frontal,Com Vítimas Feridas,Pleno dia,Crescente,Sol,Simples,Reta,Rural,2,0,0,1,0,1,1,2
83496850,04/09/16,Domingo,01:00:00,RN,226,79,SERRA CAIADA,Animais na Pista,Atropelamento de animal,Sem Vítimas,Plena noite,Decrescente,Ceu Claro,Simples,Reta,Rural,1,0,0,0,1,0,0,1
83496931,08/09/16,Quinta,22:48:00,RN,406,"155,9",CEARA-MIRIM,Ultrapassagem indevida,Colisão frontal,Com Vítimas Feridas,Plena noite,Decrescente,Ceu Claro,Simples,Reta,Rural,2,0,1,0,1,0,1,2
83496938,08/09/16,Quinta,23:00:00,RN,101,"96,3",NATAL,Falta de atenção,Atropelamento de pessoa,Com Vítimas Fatais,Plena noite,Decrescente,Ceu Claro,Dupla,Reta,Urbano,2,1,0,0,0,1,0,1
83496942,04/09/16,Domingo,11:30:00,RN,304,281,MACAIBA,Falta de atenção,Capotamento,Sem Vítimas,Pleno dia,Crescente,Ceu Claro,Simples,Curva,Rural,1,0,0,0,1,0,0,1
83497011,05/09/16,Segunda,20:20:00,RN,304,"119,1",ITAJA,Desobediência à sinalização,Colisão Transversal,Com Vítimas Fatais,Plena noite,Decrescente,Ceu Claro,Simples,Reta,Rural,2,1,0,0,1,0,0,2
83497076,09/09/16,Sexta,13:20:00,RN,304,"41,9",MOSSORO,Falta de atenção,Colisão Transversal,Com Vítimas Feridas,Pleno dia,Crescente,Sol,Dupla,Curva,Rural,3,0,1,1,1,0,2,2
83497100,09/09/16,Sexta,15:00:00,RN,101,80,SAO GONCALO DO AMARANTE,Falta de atenção,Colisão lateral,Com Vítimas Feridas,Pleno dia,Crescente,Sol,Dupla,Reta,Urbano,2,0,1,0,0,1,1,2
83497109,09/09/16,Sexta,11:30:00,RN,101,85,SAO GONCALO DO AMARANTE,Falta de atenção,Colisão lateral,Com Vítimas Feridas,Pleno dia,Crescente,Sol,Dupla,Reta,Urbano,2,0,1,0,1,0,1,2
83497286,10/09/16,Sábado,07:00:00,RN,304,157,FERNANDO PEDROZA,Não guardar distância de segurança,Colisão traseira,Com Vítimas Feridas,Pleno dia,Decrescente,Nublado,Simples,Reta,Rural,2,0,0,1,1,0,1,2
83497343,10/09/16,Sábado,11:45:00,RN,101,"125,4",SAO JOSE DE MIPIBU,Falta de atenção,Colisão Transversal,Com Vítimas Feridas,Pleno dia,Crescente,Chuva,Dupla,Cruzamento,Urbano,2,0,0,1,1,0,1,2
83497345,10/09/16,Sábado,06:00:00,RN,101,101,PARNAMIRIM,Falta de atenção,Colisão traseira,Sem Vítimas,Pleno dia,Crescente,Chuva,Dupla,Reta,Urbano,2,0,0,0,2,0,0,2
83497388,25/08/16,Quinta,21:30:00,RN,101,"84,3",NATAL,Outras,Colisão com objeto fixo,Com Vítimas Feridas,Plena noite,Crescente,Ceu Claro,Simples,Curva,Urbano,1,0,0,1,0,0,1,1
83497436,10/09/16,Sábado,20:20:00,RN,304,193,LAJES,Falta de atenção,Colisão Transversal,Com Vítimas Feridas,Plena noite,Decrescente,Ceu Claro,Simples,Cruzamento,Rural,2,0,1,0,1,0,1,2
83497477,10/09/16,Sábado,20:30:00,RN,110,50,MOSSORO,Ingestão de álcool,Colisão com objeto móvel,Com Vítimas Feridas,Plena noite,Crescente,Ceu Claro,Simples,Reta,Urbano,2,0,1,0,1,0,1,1
83497579,26/08/16,Sexta,19:10:00,RN,101,"78,3",EXTREMOZ,Falta de atenção,Colisão traseira,Com Vítimas Feridas,Plena noite,Decrescente,Ceu Claro,Dupla,Reta,Urbano,2,0,0,1,1,0,1,2
83497617,05/09/16,Segunda,02:45:00,RN,304,"37,7",MOSSORO,Outras,Queda de motocicleta / bicicleta / veículo,Com Vítimas Feridas,Plena noite,Crescente,Ceu Claro,Dupla,Reta,Urbano,2,0,1,0,0,1,1,1
83497670,11/09/16,Domingo,03:00:00,RN,101,146,GOIANINHA,Animais na Pista,Atropelamento de animal,Ignorado,Plena noite,Decrescente,Chuva,Dupla,Reta,Rural,2,0,0,0,0,2,0,1
83497694,03/09/16,Sábado,23:45:00,RN,304,"219,2",CAICARA DO RIO DO VENTO,Ingestão de álcool,Colisão frontal,Com Vítimas Fatais,Plena noite,Decrescente,Ceu Claro,Simples,Reta,Rural,2,1,0,0,1,0,0,2
83497889,12/09/16,Segunda,12:00:00,RN,101,"85,5",NATAL,Falta de atenção,Colisão traseira,Sem Vítimas,Pleno dia,Crescente,Ceu Claro,Dupla,Reta,Urbano,3,0,0,0,3,0,0,3
83497989,12/09/16,Segunda,11:30:00,RN,226,"375,2",ANTONIO MARTINS,Velocidade incompatível,Saída de Pista,Com Vítimas Feridas,Pleno dia,Decrescente,Sol,Múltipla,Curva,Rural,2,0,1,1,0,0,2,1
83498144,12/09/16,Segunda,10:50:00,RN,304,297,MACAIBA,Falta de atenção,Colisão Transversal,Com Vítimas Feridas,Pleno dia,Crescente,Ceu Claro,Simples,Reta,Urbano,2,0,0,1,1,0,1,2
83498164,09/09/16,Sexta,06:30:00,RN,226,"2,5",NATAL,Outras,Colisão com bicicleta,Com Vítimas Feridas,Pleno dia,Decrescente,Ceu Claro,Simples,Reta,Urbano,2,0,0,1,0,1,1,2
83498234,09/09/16,Sexta,15:00:00,RN,101,"82,7",NATAL,Não guardar distância de segurança,Colisão traseira,Com Vítimas Feridas,Pleno dia,Decrescente,Ceu Claro,Simples,Reta,Urbano,2,0,0,1,1,0,1,2
83498295,13/09/16,Terça,23:05:00,RN,427,"101,5",CAICO,Ingestão de álcool,Colisão lateral,Com Vítimas Feridas,Plena noite,Crescente,Ceu Claro,Simples,Reta,Urbano,2,0,1,0,1,0,1,2
83498412,14/09/16,Quarta,07:30:00,RN,101,104,PARNAMIRIM,Não guardar distância de segurança,Colisão traseira,Com Vítimas Feridas,Pleno dia,Crescente,Sol,Dupla,Reta,Urbano,2,0,0,1,1,0,1,2
83498443,14/09/16,Quarta,15:30:00,RN,101,83,SAO GONCALO DO AMARANTE,Desobediência à sinalização,Atropelamento de pessoa,Com Vítimas Feridas,Pleno dia,Crescente,Ceu Claro,Dupla,Reta,Urbano,2,0,0,2,0,0,2,1
83498506,14/09/16,Quarta,19:00:00,RN,110,"49,4",MOSSORO,Ingestão de álcool,Atropelamento de pessoa,Com Vítimas Feridas,Amanhecer,Crescente,Ceu Claro,Simples,Reta,Urbano,2,0,1,0,1,0,1,1
83498523,14/09/16,Quarta,19:30:00,RN,101,"107,2",PARNAMIRIM,Falta de atenção,Atropelamento de pessoa,Com Vítimas Feridas,Plena noite,Crescente,Ceu Claro,Dupla,Reta,Urbano,2,0,1,1,0,0,2,1
83498577,03/09/16,Sábado,22:00:00,RN,304,"82,9",ASSU,Ingestão de álcool,Colisão frontal,Com Vítimas Feridas,Plena noite,Crescente,Ceu Claro,Simples,Reta,Rural,5,0,3,2,0,0,5,2
83498601,15/09/16,Quinta,11:30:00,RN,304,"296,7",MACAIBA,Não guardar distância de segurança,Colisão traseira,Sem Vítimas,Pleno dia,Decrescente,Ceu Claro,Simples,Reta,Urbano,2,0,0,0,2,0,0,2
83498609,12/09/16,Segunda,22:35:00,RN,304,224,CAICARA DO RIO DO VENTO,Outras,Saída de Pista,Com Vítimas Feridas,Plena noite,Decrescente,Ceu Claro,Simples,Curva,Rural,1,0,1,0,0,0,1,1
83498640,15/09/16,Quinta,08:20:00,RN,110,2,AREIA BRANCA,Falta de atenção,Colisão frontal,Com Vítimas Feridas,Pleno dia,Decrescente,Ceu Claro,Simples,Reta,Urbano,2,0,2,0,0,0,2,2
83498767,15/09/16,Quinta,12:50:00,RN,110,"46,9",MOSSORO,Falta de atenção,Colisão lateral,Com Vítimas Feridas,Pleno dia,Crescente,Ceu Claro,Dupla,Curva,Urbano,2,0,1,0,1,0,1,2
83498803,16/09/16,Sexta,07:32:00,RN,101,86,SAO GONCALO DO AMARANTE,Outras,Colisão traseira,Sem Vítimas,Pleno dia,Crescente,Ceu Claro,Dupla,Reta,Urbano,4,0,0,0,4,0,0,4
83498829,04/06/16,Sábado,23:15:00,RN,304,"33,4",MOSSORO,Outras,Queda de motocicleta / bicicleta / veículo,Com Vítimas Feridas,Plena noite,Decrescente,Ceu Claro,Dupla,Reta,Urbano,1,0,1,0,0,0,1,1
83498839,16/09/16,Sexta,09:50:00,RN,427,"0,1",CURRAIS NOVOS,Falta de atenção,Colisão traseira,Sem Vítimas,Pleno dia,Decrescente,Ceu Claro,Simples,Reta,Urbano,3,0,0,0,3,0,0,3
83498852,08/09/16,Quinta,13:15:00,RN,406,"103,4",JOAO CAMARA,Desobediência à sinalização,Colisão Transversal,Com Vítimas Feridas,Pleno dia,Crescente,Sol,Simples,Reta,Urbano,2,0,1,0,1,0,1,2
83498873,14/07/16,Quinta,14:30:00,RN,405,"2,2",MOSSORO,Falta de atenção,Colisão Transversal,Com Vítimas Feridas,Pleno dia,Decrescente,Sol,Dupla,Reta,Urbano,2,0,0,1,1,0,1,2
83498990,08/09/16,Quinta,21:05:00,RN,110,"100,5",UPANEMA,Outras,Colisão traseira,Com Vítimas Feridas,Plena noite,Decrescente,Ceu Claro,Dupla,Reta,Urbano,2,0,0,1,1,0,1,2
83499069,15/06/16,Quarta,06:40:00,RN,405,3,MOSSORO,Desobediência à sinalização,Colisão Transversal,Com Vítimas Feridas,Pleno dia,Decrescente,Sol,Simples,Reta,Urbano,3,0,1,1,0,1,2,2
83499198,17/09/16,Sábado,16:45:00,RN,304,"40,5",MOSSORO,Outras,Saída de Pista,Com Vítimas Feridas,Pleno dia,Decrescente,Ceu Claro,Dupla,Reta,Rural,1,0,0,1,0,0,1,1
83499260,17/09/16,Sábado,21:25:00,RN,427,"103,1",CAICO,Animais na Pista,Atropelamento de animal,Com Vítimas Feridas,Plena noite,Crescente,Ceu Claro,Simples,Curva,Urbano,2,0,0,2,0,0,2,1