id,data_inversa,dia_semana,horario,uf,br,km,municipio,causa_acidente,tipo_acidente,classificacao_acidente,fase_dia,sentido_via,condicao_metereologica,tipo_pista,tracado_via,uso_solo,pessoas,mortos,feridos_leves,feridos_graves,ilesos,ignorados,feridos,veiculos
83499296,17/09/16,Sábado,19:20:00,RN,101,"106,2",PARNAMIRIM,Ingestão de álcool,Colisão traseira,Sem Vítimas,Plena noite,Decrescente,Ceu Claro,Dupla,Reta,Urbano,4,0,0,0,3,1,0,4
83499367,14/09/16,Quarta,21:30:00,RN,101,"140,5",ARES,Falta de atenção,Colisão com bicicleta,Com Vítimas Feridas,Plena noite,Decrescente,Ceu Claro,Dupla,Reta,Rural,2,0,0,1,1,0,1,2
83499469,14/09/16,Quarta,21:30:00,RN,304,"47,9",MOSSORO,Ingestão de álcool,Colisão Transversal,Com Vítimas Feridas,Plena noite,Crescente,Ignorada,Dupla,Curva,Urbano,2,0,1,0,1,0,1,2
83499499,18/09/16,Domingo,15:20:00,RN,101,108,PARNAMIRIM,Falta de atenção,Colisão lateral,Com Vítimas Feridas,Pleno dia,Decrescente,Ceu Claro,Dupla,Cruzamento,Urbano,2,0,1,0,1,0,1,2
83499527,18/09/16,Domingo,18:00:00,RN,110,"46,5",MOSSORO,Animais na Pista,Queda de motocicleta / bicicleta / veículo,Com Vítimas Feridas,Anoitecer,Decrescente,Ceu Claro,Simples,Reta,Urbano,2,0,2,0,0,0,2,1
83499567,18/09/16,Domingo,21:10:00,RN,304,"39,2",MOSSORO,Outras,Colisão com objeto fixo,Com Vítimas Feridas,Plena noite,Decrescente,Ceu Claro,Dupla,Curva,Urbano,2,0,1,1,0,0,2,1
83499576,18/09/16,Domingo,21:35:00,RN,101,"96,9",NATAL,Falta de atenção,Colisão traseira,Com Vítimas Feridas,Plena noite,Crescente,Ceu Claro,Dupla,Reta,Urbano,2,0,1,0,1,0,1,2
83499591,18/09/16,Domingo,18:10:00,RN,405,"35,1",GOVERNADOR DIX-SEPT ROSADO,Outras,Colisão traseira,Com Vítimas Feridas,Plena noite,Crescente,Ceu Claro,Simples,Reta,Rural,3,0,0,3,0,0,3,2
83499615,18/09/16,Domingo,12:00:00,RN,405,"42,2",FELIPE GUERRA,Outras,Queda de motocicleta / bicicleta / veículo,Com Vítimas Fatais,Pleno dia,Decrescente,Sol,Simples,Reta,Rural,1,1,0,0,0,0,0,1
83499711,19/09/16,Segunda,11:40:00,RN,304,47,MOSSORO,Não guardar distância de segurança,Colisão com bicicleta,Com Vítimas Feridas,Pleno dia,Crescente,Ceu Claro,Dupla,Reta,Urbano,2,0,1,0,1,0,1,2
83499937,20/09/16,Terça,10:45:00,RN,427,"101,8",CAICO,Falta de atenção,Colisão frontal,Com Vítimas Feridas,Pleno dia,Decrescente,Ceu Claro,Simples,Reta,Urbano,4,0,0,1,3,0,1,3
83499955,12/09/16,Segunda,18:50:00,RN,304,"296,5",MACAIBA,Falta de atenção,Colisão Transversal,Com Vítimas Feridas,Plena noite,Crescente,Ceu Claro,Simples,Reta,Urbano,2,0,1,0,1,0,1,2
83499997,20/09/16,Terça,11:30:00,RN,427,"144,2",SERRA NEGRA DO NORTE,Defeito na via,Saída de Pista,Com Vítimas Feridas,Pleno dia,Decrescente,Ceu Claro,Simples,Reta,Rural,1,0,1,0,0,0,1,1
83500054,20/09/16,Terça,18:20:00,RN,101,"134,7",ARES,Outras,Queda de motocicleta / bicicleta / veículo,Ignorado,Plena noite,Decrescente,Ceu Claro,Dupla,Reta,Rural,1,0,0,0,0,1,0,1
83500080,19/09/16,Segunda,09:10:00,RN,110,"92,1",UPANEMA,Desobediência à sinalização,Colisão traseira,Com Vítimas Feridas,Pleno dia,Decrescente,Sol,Simples,Reta,Rural,4,0,1,0,3,0,1,3
83500173,16/09/16,Sexta,20:00:00,RN,110,"91,1",UPANEMA,Animais na Pista,Atropelamento de animal,Com Vítimas Feridas,Plena noite,Crescente,Ceu Claro,Simples,Reta,Rural,2,0,1,1,0,0,2,1
83500179,09/06/16,Quinta,14:50:00,RN,226,"173,1",CURRAIS NOVOS,Não guardar distância de segurança,Colisão Transversal,Com Vítimas Feridas,Pleno dia,Crescente,Ceu Claro,Simples,Reta,Urbano,4,0,2,2,0,0,4,2
83500182,17/09/16,Sábado,09:35:00,RN,304,"297,7",MACAIBA,Outras,Queda de motocicleta / bicicleta / veículo,Com Vítimas Feridas,Pleno dia,Decrescente,Ceu Claro,Dupla,Cruzamento,Urbano,3,0,1,0,0,2,1,2
83500188,17/09/16,Sábado,20:45:00,RN,101,"152,1",GOIANINHA,Ingestão de álcool,Colisão frontal,Com Vítimas Fatais,Plena noite,Crescente,Ceu Claro,Dupla,Reta,Rural,9,1,7,0,1,0,7,3
83500288,17/09/16,Sábado,20:00:00,RN,406,169,SAO GONCALO DO AMARANTE,Defeito mecânico em veículo,Queda de motocicleta / bicicleta / veículo,Com Vítimas Feridas,Plena noite,Decrescente,Ceu Claro,Dupla,Reta,Rural,2,0,1,1,0,0,2,1
83500317,18/07/16,Segunda,04:20:00,RN,304,"101,5",ASSU,Animais na Pista,Saída de Pista,Sem Vítimas,Plena noite,Crescente,Ceu Claro,Simples,Reta,Rural,1,0,0,0,1,0,0,1
83500381,22/09/16,Quinta,04:00:00,RN,226,"150,2",CURRAIS NOVOS,Animais na Pista,Atropelamento de animal,Sem Vítimas,Amanhecer,Decrescente,Ceu Claro,Simples,Reta,Rural,1,0,0,0,1,0,0,1
83500386,16/09/16,Sexta,17:50:00,RN,101,148,GOIANINHA,Outras,Colisão com bicicleta,Com Vítimas Fatais,Anoitecer,Crescente,Ceu Claro,Dupla,Reta,Urbano,2,1,0,0,1,0,0,2
83500402,22/09/16,Quinta,07:20:00,RN,304,43,MOSSORO,Outras,Colisão traseira,Com Vítimas Feridas,Pleno dia,Decrescente,Ceu Claro,Dupla,Reta,Urbano,2,0,1,0,1,0,1,2
83500414,25/07/16,Segunda,13:20:00,RN,101,"123,5",SAO JOSE DE MIPIBU,Falta de atenção,Colisão traseira,Com Vítimas Fatais,Pleno dia,Decrescente,Ceu Claro,Dupla,Reta,Urbano,2,1,0,0,1,0,0,2
83500550,22/09/16,Quinta,09:50:00,RN,101,96,NATAL,Outras,Queda de motocicleta / bicicleta / veículo,Com Vítimas Feridas,Pleno dia,Crescente,Ceu Claro,Dupla,Curva,Urbano,1,0,1,0,0,0,1,1
83500589,18/09/16,Domingo,16:30:00,RN,101,"84,2",NATAL,Não guardar distância de segurança,Colisão traseira,Com Vítimas Feridas,Pleno dia,Decrescente,Ceu Claro,Dupla,Reta,Urbano,2,0,0,1,1,0,1,2
83500696,23/09/16,Sexta,08:45:00,RN,101,82,NATAL,Falta de atenção,Colisão Transversal,Com Vítimas Feridas,Pleno dia,Decrescente,Ceu Claro,Dupla,Reta,Urbano,2,0,1,0,1,0,1,2
83500701,23/09/16,Sexta,10:30:00,RN,427,"97,4",CAICO,Não guardar distância de segurança,Colisão traseira,Com Vítimas Feridas,Pleno dia,Decrescente,Ceu Claro,Simples,Reta,Urbano,3,0,0,1,2,0,1,3
83500736,23/09/16,Sexta,12:50:00,RN,101,97,NATAL,Falta de atenção,Colisão traseira,Sem Vítimas,Pleno dia,Crescente,Ceu Claro,Dupla,Reta,Urbano,2,0,0,0,2,0,0,2
83500803,23/09/16,Sexta,15:20:00,RN,406,140,TAIPU,Ultrapassagem indevida,Derramamento de Carga,Sem Vítimas,Pleno dia,Decrescente,Sol,Simples,Reta,Rural,2,0,0,0,2,0,0,2
83500812,23/09/16,Sexta,19:15:00,RN,101,"107,2",PARNAMIRIM,Outras,Atropelamento de pessoa,Com Vítimas Feridas,Plena noite,Crescente,Ceu Claro,Dupla,Reta,Urbano,3,0,3,0,0,0,3,1
83500843,23/09/16,Sexta,18:20:00,RN,405,"61,3",FELIPE GUERRA,Outras,Colisão traseira,Com Vítimas Fatais,Plena noite,Crescente,Ceu Claro,Simples,Reta,Rural,3,1,1,0,0,1,1,2
83500916,12/09/16,Segunda,19:40:00,RN,406,151,CEARA-MIRIM,Ingestão de álcool,Colisão lateral,Com Vítimas Feridas,Plena noite,Crescente,Ceu Claro,Simples,Reta,Urbano,2,0,1,0,1,0,1,2
83501072,24/09/16,Sábado,17:40:00,RN,226,"7,7",NATAL,Outras,Atropelamento de pessoa,Com Vítimas Feridas,Anoitecer,Decrescente,Ceu Claro,Simples,Reta,Urbano,2,0,2,0,0,0,2,1
83501114,24/09/16,Sábado,22:10:00,RN,110,"48,5",MOSSORO,Falta de atenção,Colisão traseira,Com Vítimas Feridas,Plena noite,Crescente,Ceu Claro,Dupla,Reta,Urbano,2,0,1,0,1,0,1,2
83501135,24/09/16,Sábado,22:50:00,RN,304,"43,3",MOSSORO,Outras,Queda de motocicleta / bicicleta / veículo,Com Vítimas Feridas,Plena noite,Crescente,Ceu Claro,Dupla,Reta,Urbano,1,0,0,1,0,0,1,1
83501322,21/09/16,Quarta,14:30:00,RN,304,68,MOSSORO,Dormindo,Capotamento,Com Vítimas Feridas,Pleno dia,Decrescente,Ceu Claro,Simples,Reta,Rural,5,0,4,0,1,0,4,1
83501328,25/09/16,Domingo,12:55:00,RN,304,"121,8",ITAJA,Ultrapassagem indevida,Saída de Pista,Com Vítimas Feridas,Pleno dia,Decrescente,Sol,Simples,Reta,Rural,2,0,1,0,1,0,1,2
83501331,25/09/16,Domingo,16:25:00,RN,304,33,MOSSORO,Ingestão de álcool,Colisão com objeto fixo,Com Vítimas Feridas,Pleno dia,Crescente,Sol,Dupla,Reta,Urbano,1,0,1,0,0,0,1,1
83501333,25/09/16,Domingo,18:45:00,RN,304,54,MOSSORO,Falta de atenção,Queda de motocicleta / bicicleta / veículo,Com Vítimas Feridas,Plena noite,Crescente,Ceu Claro,Simples,Reta,Rural,1,0,1,0,0,0,1,1
83501368,25/09/16,Domingo,21:40:00,RN,304,"40,6",MOSSORO,Ingestão de álcool,Atropelamento de pessoa,Com Vítimas Feridas,Plena noite,Decrescente,Ceu Claro,Dupla,Reta,Urbano,2,0,1,0,0,1,1,1
83501373,25/09/16,Domingo,06:30:00,RN,101,41,CEARA-MIRIM,Outras,Capotamento,Ignorado,Plena noite,Decrescente,Ceu Claro,Simples,Curva,Rural,1,0,0,0,0,1,0,1
83501468,22/09/16,Quinta,18:00:00,RN,406,150,CEARA-MIRIM,Outras,Colisão Transversal,Com Vítimas Feridas,Plena noite,Crescente,Ceu Claro,Simples,Reta,Urbano,3,0,1,1,1,0,2,2
83501495,26/09/16,Segunda,06:50:00,RN,101,66,EXTREMOZ,Desobediência à sinalização,Colisão Transversal,Com Vítimas Feridas,Pleno dia,Decrescente,Ceu Claro,Simples,Reta,Urbano,3,0,2,0,0,1,2,2
83501567,26/09/16,Segunda,12:00:00,RN,101,104,PARNAMIRIM,Falta de atenção,Colisão lateral,Com Vítimas Feridas,Pleno dia,Crescente,Ceu Claro,Dupla,Curva,Urbano,2,0,1,0,1,0,1,2
83501631,26/09/16,Segunda,20:00:00,RN,101,97,NATAL,Outras,Colisão lateral,Sem Vítimas,Plena noite,Crescente,Ceu Claro,Dupla,Cruzamento,Urbano,2,0,0,0,2,0,0,2
83501670,26/09/16,Segunda,17:50:00,RN,304,300,PARNAMIRIM,Desobediência à sinalização,Colisão traseira,Com Vítimas Feridas,Anoitecer,Decrescente,Ceu Claro,Dupla,Curva,Rural,2,0,1,0,0,1,1,2
83501686,26/09/16,Segunda,19:10:00,RN,304,38,MOSSORO,Outras,Colisão traseira,Com Vítimas Feridas,Plena noite,Decrescente,Ceu Claro,Dupla,Reta,Urbano,2,0,0,2,0,0,2,2
83501693,26/09/16,Segunda,16:00:00,RN,101,107,PARNAMIRIM,Desobediência à sinalização,Atropelamento de pessoa,Com Vítimas Feridas,Pleno dia,Decrescente,Ceu Claro,Dupla,Reta,Urbano,2,0,1,0,1,0,1,1
83501706,24/09/16,Sábado,02:30:00,RN,101,102,PARNAMIRIM,Não guardar distância de segurança,Colisão traseira,Com Vítimas Feridas,Plena noite,Crescente,Ceu Claro,Dupla,Reta,Urbano,4,0,2,1,1,0,3,2
83501768,27/09/16,Terça,07:45:00,RN,304,39,MOSSORO,Desobediência à sinalização,Colisão Transversal,Com Vítimas Feridas,Pleno dia,Decrescente,Ceu Claro,Dupla,Reta,Urbano,2,0,1,0,0,1,1,2
83501788,27/09/16,Terça,06:40:00,RN,304,242,RIACHUELO,Outras,Colisão Transversal,Sem Vítimas,Pleno dia,Crescente,Ceu Claro,Simples,Reta,Rural,2,0,0,0,1,1,0,2
83501812,27/09/16,Terça,11:40:00,RN,101,"158,5",GOIANINHA,Defeito mecânico em veículo,Capotamento,Sem Vítimas,Pleno dia,Decrescente,Ceu Claro,Dupla,Reta,Rural,1,0,0,0,1,0,0,1
83501935,27/09/16,Terça,18:30:00,RN,406,140,TAIPU,Outras,Saída de Pista,Sem Vítimas,Anoitecer,Crescente,Vento,Simples,Reta,Rural,2,0,0,0,2,0,0,1
83501940,24/09/16,Sábado,02:20:00,RN,101,"107,7",PARNAMIRIM,Ingestão de álcool,Colisão traseira,Com Vítimas Feridas,Plena noite,Crescente,Ceu Claro,Dupla,Reta,Urbano,2,0,1,0,0,1,1,2
83502001,24/09/16,Sábado,09:30:00,RN,405,150,PAU DOS FERROS,Falta de atenção,Colisão Transversal,Com Vítimas Feridas,Pleno dia,Crescente,Ceu Claro,Dupla,Reta,Urbano,2,0,1,1,0,0,2,2
83502014,20/09/16,Terça,12:20:00,RN,101,"97,1",NATAL,Falta de atenção,Colisão lateral,Sem Vítimas,Pleno dia,Decrescente,Sol,Múltipla,Reta,Urbano,2,0,0,0,2,0,0,2
83502027,11/09/16,Domingo,14:50:00,RN,110,99,MOSSORO,Falta de atenção,Colisão traseira,Com Vítimas Fatais,Pleno dia,Crescente,Ceu Claro,Dupla,Curva,Urbano,4,1,0,1,2,0,1,2
83502045,28/09/16,Quarta,08:03:00,RN,101,"84,4",NATAL,Outras,Colisão traseira,Com Vítimas Fatais,Pleno dia,Decrescente,Ceu Claro,Simples,Reta,Urbano,2,1,0,0,1,0,0,2
83502080,28/09/16,Quarta,12:15:00,RN,304,35,MOSSORO,Falta de atenção,Colisão Transversal,Com Vítimas Feridas,Pleno dia,Crescente,Sol,Dupla,Curva,Urbano,2,0,1,0,1,0,1,2
83502106,28/09/16,Quarta,11:50:00,RN,304,"47,5",MOSSORO,Defeito mecânico em veículo,Queda de motocicleta / bicicleta / veículo,Com Vítimas Feridas,Pleno dia,Decrescente,Sol,Dupla,Reta,Urbano,2,0,2,0,0,0,2,1
83502127,23/09/16,Sexta,18:35:00,RN,405,"62,3",FELIPE GUERRA,Falta de atenção,Colisão frontal,Sem Vítimas,Plena noite,Crescente,Ceu Claro,Simples,Reta,Rural,2,0,0,0,2,0,0,2
83502172,28/09/16,Quarta,19:15:00,RN,101,98,NATAL,Outras,Colisão lateral,Com Vítimas Feridas,Plena noite,Decrescente,Ceu Claro,Dupla,Reta,Urbano,2,0,1,0,1,0,1,2
83502240,28/09/16,Quarta,21:10:00,RN,427,"102,2",CAICO,Falta de atenção,Colisão com objeto fixo,Sem Vítimas,Plena noite,Decrescente,Ceu Claro,Simples,Reta,Urbano,2,0,0,0,2,0,0,2
83502265,29/09/16,Quinta,03:04:00,RN,304,"240,6",RIACHUELO,Outras,Colisão frontal,Com Vítimas Fatais,Plena noite,Crescente,Ceu Claro,Simples,Curva,Rural,2,1,0,0,1,0,0,2
83502290,29/09/16,Quinta,08:15:00,RN,304,"37,1",MOSSORO,Falta de atenção,Colisão traseira,Com Vítimas Feridas,Pleno dia,Decrescente,Ceu Claro,Dupla,Reta,Urbano,2,0,1,0,1,0,1,2
83502393,25/09/16,Domingo,15:15:00,RN,226,"278,3",TRIUNFO POTIGUAR,Falta de atenção,Tombamento,Ignorado,Pleno dia,Crescente,Ceu Claro,Simples,Cruzamento,Rural,1,0,0,0,0,1,0,1
83502505,30/09/16,Sexta,03:35:00,RN,101,"140,2",ARES,Outras,Saída de Pista,Com Vítimas Feridas,Plena noite,Decrescente,Ignorada,Dupla,Reta,Rural,2,0,2,0,0,0,2,1
83502582,29/09/16,Quinta,20:50:00,RN,304,201,LAJES,Falta de atenção,Colisão com objeto fixo,Com Vítimas Feridas,Plena noite,Decrescente,Ceu Claro,Simples,Reta,Rural,1,0,0,1,0,0,1,1
83502601,29/09/16,Quinta,17:40:00,RN,304,183,ANGICOS,Animais na Pista,Atropelamento de animal,Sem Vítimas,Anoitecer,Decrescente,Ceu Claro,Simples,Reta,Rural,1,0,0,0,1,0,0,1
83502880,01/10/16,Sábado,07:20:00,RN,101,"112,5",SAO JOSE DE MIPIBU,Desobediência à sinalização,Colisão Transversal,Com Vítimas Feridas,Pleno dia,Decrescente,Ceu Claro,Dupla,Reta,Rural,2,0,1,0,1,0,1,2
83502892,01/10/16,Sábado,11:10:00,RN,427,"0,2",CURRAIS NOVOS,Desobediência à sinalização,Colisão Transversal,Com Vítimas Feridas,Pleno dia,Crescente,Ceu Claro,Simples,Cruzamento,Urbano,2,0,1,0,1,0,1,2
83502952,01/10/16,Sábado,11:55:00,RN,427,"97,1",CAICO,Falta de atenção,Colisão lateral,Com Vítimas Feridas,Pleno dia,Crescente,Ceu Claro,Simples,Curva,Urbano,3,0,1,0,2,0,1,2
83502968,01/10/16,Sábado,13:30:00,RN,101,"80,6",NATAL,Velocidade incompatível,Colisão com objeto fixo,Sem Vítimas,Pleno dia,Crescente,Ceu Claro,Dupla,Reta,Urbano,3,0,0,0,2,1,0,3
83502976,01/10/16,Sábado,15:50:00,RN,101,85,NATAL,Ingestão de álcool,Colisão com bicicleta,Com Vítimas Feridas,Pleno dia,Decrescente,Sol,Dupla,Reta,Urbano,2,0,1,1,0,0,2,2
83502988,01/10/16,Sábado,11:00:00,RN,304,"106,5",ASSU,Falta de atenção,Colisão Transversal,Sem Vítimas,Pleno dia,Decrescente,Ceu Claro,Simples,Reta,Rural,2,0,0,0,2,0,0,2
83503467,02/10/16,Domingo,10:10:00,RN,101,113,PARNAMIRIM,Falta de atenção,Atropelamento de pessoa,Com Vítimas Feridas,Pleno dia,Crescente,Sol,Dupla,Reta,Rural,2,0,0,1,0,1,1,1
83503514,30/09/16,Sexta,02:40:00,RN,406,119,POCO BRANCO,Outras,Colisão frontal,Com Vítimas Fatais,Plena noite,Crescente,Ceu Claro,Simples,Reta,Rural,3,1,1,0,1,0,1,2
83504095,04/10/16,Terça,12:00:00,RN,427,"107,9",CAICO,Defeito mecânico em veículo,Colisão com objeto móvel,Com Vítimas Feridas,Pleno dia,Crescente,Sol,Simples,Reta,Rural,2,0,1,0,1,0,1,2
83504113,02/10/16,Domingo,22:45:00,RN,405,"156,5",RAFAEL FERNANDES,Ingestão de álcool,Atropelamento de pessoa,Com Vítimas Fatais,Plena noite,Decrescente,Ceu Claro,Simples,Reta,Rural,3,1,0,1,0,1,1,1
83504278,04/10/16,Terça,14:30:00,RN,101,"99,1",NATAL,Não guardar distância de segurança,Colisão traseira,Com Vítimas Feridas,Pleno dia,Decrescente,Ceu Claro,Dupla,Reta,Urbano,3,0,1,0,2,0,1,3
83504287,04/10/16,Terça,20:15:00,RN,304,220,CAICARA DO RIO DO VENTO,Outras,Colisão traseira,Com Vítimas Feridas,Plena noite,Crescente,Ceu Claro,Simples,Reta,Rural,2,0,0,1,0,1,1,2
83504297,04/10/16,Terça,19:00:00,RN,110,45,MOSSORO,Defeito mecânico em veículo,Incêndio,Sem Vítimas,Plena noite,Crescente,Ceu Claro,Simples,Reta,Urbano,1,0,0,0,1,0,0,1
83504310,01/10/16,Sábado,15:00:00,RN,226,"3,3",NATAL,Falta de atenção,Colisão Transversal,Com Vítimas Feridas,Pleno dia,Decrescente,Sol,Simples,Reta,Urbano,2,0,1,0,1,0,1,2
83504335,05/10/16,Quarta,06:35:00,RN,304,17,MOSSORO,Falta de atenção,Colisão Transversal,Com Vítimas Feridas,Pleno dia,Crescente,Sol,Simples,Reta,Urbano,2,0,1,0,1,0,1,2
83504345,05/10/16,Quarta,10:30:00,RN,101,126,SAO JOSE DE MIPIBU,Velocidade incompatível,Saída de Pista,Com Vítimas Feridas,Pleno dia,Crescente,Ceu Claro,Dupla,Reta,Urbano,1,0,1,0,0,0,1,1
83504380,24/08/16,Quarta,08:00:00,RN,101,95,NATAL,Velocidade incompatível,Colisão traseira,Sem Vítimas,Pleno dia,Decrescente,Sol,Dupla,Reta,Urbano,7,0,0,0,7,0,0,7
83504603,05/10/16,Quarta,20:30:00,RN,427,"99,8",CAICO,Desobediência à sinalização,Colisão lateral,Com Vítimas Feridas,Plena noite,Crescente,Ceu Claro,Simples,Reta,Urbano,3,0,1,0,2,0,1,3
83504769,06/10/16,Quinta,10:50:00,RN,110,"46,9",MOSSORO,Outras,Colisão com bicicleta,Com Vítimas Feridas,Pleno dia,Decrescente,Ceu Claro,Simples,Reta,Urbano,2,0,1,0,1,0,1,2
83504916,06/10/16,Quinta,13:50:00,RN,226,"128,4",CAMPO REDONDO,Defeito mecânico em veículo,Colisão frontal,Com Vítimas Fatais,Pleno dia,Crescente,Ceu Claro,Simples,Reta,Rural,3,2,1,0,0,0,1,2
83505010,02/10/16,Domingo,10:35:00,RN,304,260,SANTA MARIA,Dormindo,Capotamento,Com Vítimas Feridas,Pleno dia,Decrescente,Sol,Simples,Reta,Rural,3,0,1,0,2,0,1,1
83505140,05/10/16,Quarta,18:45:00,RN,226,"336,5",PATU,Falta de atenção,Atropelamento de pessoa,Com Vítimas Feridas,Anoitecer,Crescente,Ceu Claro,Simples,Reta,Rural,3,0,1,1,1,0,2,1
83505201,07/10/16,Sexta,18:35:00,RN,101,"95,3",NATAL,Desobediência à sinalização,Colisão lateral,Sem Vítimas,Plena noite,Crescente,Vento,Múltipla,Reta,Urbano,2,0,0,0,2,0,0,2
83505288,08/10/16,Sábado,06:15:00,RN,304,296,MACAIBA,Ingestão de álcool,Colisão traseira,Sem Vítimas,Amanhecer,Crescente,Ceu Claro,Simples,Reta,Urbano,2,0,0,0,2,0,0,2
83505311,04/10/16,Terça,14:30:00,RN,304,230,RIACHUELO,Defeito mecânico em veículo,Colisão lateral,Sem Vítimas,Pleno dia,Decrescente,Ceu Claro,Simples,Curva,Rural,2,0,0,0,2,0,0,2
83505354,04/10/16,Terça,09:00:00,RN,101,"98,7",NATAL,Falta de atenção,Atropelamento de pessoa,Com Vítimas Feridas,Pleno dia,Decrescente,Sol,Dupla,Reta,Urbano,3,0,1,0,2,0,1,2
83505458,01/09/16,Quinta,05:45:00,RN,406,146,CEARA-MIRIM,Outras,Colisão frontal,Sem Vítimas,Pleno dia,Decrescente,Ceu Claro,Simples,Reta,Rural,3,0,0,0,2,1,0,3
83505465,08/10/16,Sábado,16:45:00,RN,101,"83,9",SAO GONCALO DO AMARANTE,Outras,Atropelamento de pessoa,Com Vítimas Feridas,Pleno dia,Crescente,Sol,Dupla,Reta,Urbano,2,0,1,0,0,1,1,1
83505491,08/10/16,Sábado,11:00:00,RN,427,53,JARDIM DO SERIDO,Defeito na via,Capotamento,Sem Vítimas,Pleno dia,Crescente,Sol,Simples,Reta,Rural,2,0,0,0,2,0,0,1
83505593,09/10/16,Domingo,01:15:00,RN,304,"20,1",MOSSORO,Outras,Colisão frontal,Com Vítimas Fatais,Plena noite,Decrescente,Ceu Claro,Simples,Reta,Rural,4,2,0,1,1,0,1,2
83505712,09/10/16,Domingo,10:20:00,RN,304,"18,9",MOSSORO,Defeito mecânico em veículo,Saída de Pista,Sem Vítimas,Pleno dia,Decrescente,Ceu Claro,Simples,Reta,Rural,3,0,0,0,3,0,0,1
83505755,09/10/16,Domingo,13:40:00,RN,427,"101,9",CAICO,Falta de atenção,Queda de motocicleta / bicicleta / veículo,Com Vítimas Feridas,Pleno dia,Crescente,Ceu Claro,Simples,Reta,Urbano,1,0,0,1,0,0,1,1
83505794,09/10/16,Domingo,11:00:00,RN,226,"106,2",SANTA CRUZ,Outras,Capotamento,Com Vítimas Feridas,Pleno dia,Crescente,Ceu Claro,Simples,Reta,Rural,2,0,0,2,0,0,2,1
83505870,09/10/16,Domingo,23:00:00,RN,226,"3,5",NATAL,Desobediência à sinalização,Colisão Transversal,Com Vítimas Feridas,Plena noite,Decrescente,Ceu Claro,Simples,Curva,Urbano,2,0,1,0,0,1,1,2
83505987,02/10/16,Domingo,15:30:00,RN,101,138,ARES,Outras,Saída de Pista,Com Vítimas Feridas,Pleno dia,Crescente,Ceu Claro,Dupla,Reta,Rural,1,0,0,1,0,0,1,1
83506115,10/10/16,Segunda,18:35:00,RN,304,"43,8",MOSSORO,Defeito na via,Queda de motocicleta / bicicleta / veículo,Com Vítimas Feridas,Plena noite,Crescente,Ceu Claro,Dupla,Reta,Rural,1,0,1,0,0,0,1,1
83506168,10/10/16,Segunda,19:00:00,RN,101,"104,4",PARNAMIRIM,Falta de atenção,Colisão Transversal,Com Vítimas Feridas,Plena noite,Crescente,Nublado,Dupla,Curva,Urbano,3,0,2,0,0,1,2,2
83506176,01/10/16,Sábado,18:15:00,RN,304,"241,6",RIACHUELO,Outras,Saída de Pista,Com Vítimas Fatais,Plena noite,Decrescente,Ceu Claro,Simples,Reta,Rural,1,1,0,0,0,0,0,1
83506216,07/10/16,Sexta,20:30:00,RN,427,"100,9",CAICO,Ultrapassagem indevida,Colisão lateral,Com Vítimas Feridas,Plena noite,Crescente,Ceu Claro,Simples,Reta,Urbano,2,0,0,1,1,0,1,2
83506230,26/09/16,Segunda,01:00:00,RN,101,82,SAO GONCALO DO AMARANTE,Falta de atenção,Colisão com objeto fixo,Com Vítimas Feridas,Plena noite,Crescente,Ceu Claro,Simples,Reta,Urbano,1,0,0,1,0,0,1,1
83506297,08/10/16,Sábado,14:00:00,RN,226,67,SERRA CAIADA,Velocidade incompatível,Capotamento,Ignorado,Pleno dia,Crescente,Ceu Claro,Simples,Reta,Rural,1,0,0,0,0,1,0,1
83506304,03/10/16,Segunda,11:20:00,RN,304,295,MACAIBA,Defeito mecânico em veículo,Colisão traseira,Com Vítimas Feridas,Pleno dia,Crescente,Sol,Simples,Reta,Urbano,4,0,1,0,3,0,1,3
83506325,11/10/16,Terça,13:50:00,RN,406,"169,1",SAO GONCALO DO AMARANTE,Falta de atenção,Colisão Transversal,Com Vítimas Feridas,Pleno dia,Decrescente,Ceu Claro,Dupla,Reta,Urbano,2,0,0,1,1,0,1,2
83506335,07/10/16,Sexta,17:40:00,RN,101,78,NATAL,Outras,Colisão Transversal,Com Vítimas Feridas,Plena noite,Crescente,Ceu Claro,Dupla,Reta,Rural,2,0,0,1,1,0,1,2
83506502,09/10/16,Domingo,03:30:00,RN,101,"99,9",NATAL,Desobediência à sinalização,Colisão Transversal,Com Vítimas Feridas,Plena noite,Decrescente,Ignorada,Múltipla,Cruzamento,Urbano,3,0,1,0,2,0,1,2