id,data_inversa,dia_semana,horario,uf,br,km,municipio,causa_acidente,tipo_acidente,classificacao_acidente,fase_dia,sentido_via,condicao_metereologica,tipo_pista,tracado_via,uso_solo,pessoas,mortos,feridos_leves,feridos_graves,ilesos,ignorados,feridos,veiculos
83506555,12/10/16,Quarta,08:40:00,RN,406,"165,5",SAO GONCALO DO AMARANTE,Outras,Colisão frontal,Com Vítimas Fatais,Pleno dia,Decrescente,Nublado,Simples,Reta,Rural,3,2,0,0,1,0,0,2
83506630,12/10/16,Quarta,09:30:00,RN,406,169,SAO GONCALO DO AMARANTE,Outras,Capotamento,Sem Vítimas,Pleno dia,Decrescente,Nublado,Dupla,Reta,Urbano,1,0,0,0,1,0,0,1
83506632,09/10/16,Domingo,20:55:00,RN,405,2,MOSSORO,Ingestão de álcool,Colisão Transversal,Sem Vítimas,Plena noite,Decrescente,Ceu Claro,Dupla,Reta,Urbano,2,0,0,0,2,0,0,2
83506645,08/10/16,Sábado,17:20:00,RN,304,"74,2",MOSSORO,Ingestão de álcool,Colisão lateral,Sem Vítimas,Pleno dia,Crescente,Ignorada,Simples,Reta,Rural,2,0,0,0,1,1,0,2
83506743,12/10/16,Quarta,07:40:00,RN,304,156,FERNANDO PEDROZA,Outras,Capotamento,Com Vítimas Feridas,Amanhecer,Crescente,Ceu Claro,Simples,Reta,Rural,1,0,1,0,0,0,1,1
83506772,09/10/16,Domingo,17:30:00,RN,110,5,AREIA BRANCA,Ingestão de álcool,Colisão frontal,Com Vítimas Feridas,Anoitecer,Crescente,Ceu Claro,Simples,Reta,Rural,2,0,0,1,1,0,1,2
83506823,10/10/16,Segunda,01:00:00,RN,101,"84,4",SAO GONCALO DO AMARANTE,Outras,Colisão com objeto fixo,Com Vítimas Feridas,Plena noite,Crescente,Ceu Claro,Dupla,Reta,Urbano,3,0,3,0,0,0,3,1
83506869,27/09/16,Terça,19:35:00,RN,406,156,CEARA-MIRIM,Ultrapassagem indevida,Colisão frontal,Com Vítimas Feridas,Plena noite,Crescente,Ceu Claro,Simples,Reta,Rural,2,0,0,2,0,0,2,2
83506888,01/10/16,Sábado,14:30:00,RN,110,35,MOSSORO,Outras,Colisão Transversal,Com Vítimas Fatais,Pleno dia,Decrescente,Ceu Claro,Simples,Curva,Rural,4,1,0,1,2,0,1,2
83507024,10/10/16,Segunda,05:40:00,RN,101,"111,5",PARNAMIRIM,Defeito mecânico em veículo,Queda de motocicleta / bicicleta / veículo,Com Vítimas Feridas,Amanhecer,Decrescente,Ceu Claro,Dupla,Reta,Rural,2,0,0,1,1,0,1,2
83507219,09/10/16,Domingo,22:30:00,RN,427,"101,5",CAICO,Ingestão de álcool,Colisão lateral,Com Vítimas Feridas,Plena noite,Crescente,Ceu Claro,Simples,Reta,Urbano,2,0,0,1,1,0,1,2
83507260,14/10/16,Sexta,07:00:00,RN,110,48,MOSSORO,Outras,Colisão Transversal,Com Vítimas Feridas,Pleno dia,Decrescente,Sol,Simples,Reta,Urbano,2,0,1,0,0,1,1,2
83507371,14/10/16,Sexta,15:35:00,RN,101,106,PARNAMIRIM,Outras,Colisão lateral,Com Vítimas Feridas,Pleno dia,Decrescente,Ceu Claro,Dupla,Reta,Urbano,2,0,1,0,1,0,1,2
83507432,14/10/16,Sexta,17:41:00,RN,101,54,CEARA-MIRIM,Falta de atenção,Capotamento,Com Vítimas Feridas,Anoitecer,Crescente,Nublado,Simples,Reta,Rural,1,0,1,0,0,0,1,1
83507566,15/10/16,Sábado,11:30:00,RN,304,39,MOSSORO,Ingestão de álcool,Colisão com objeto fixo,Com Vítimas Feridas,Pleno dia,Crescente,Sol,Dupla,Cruzamento,Urbano,1,0,1,0,0,0,1,1
83507829,16/10/16,Domingo,08:00:00,RN,405,"105,9",ITAU,Outras,Colisão Transversal,Sem Vítimas,Pleno dia,Crescente,Sol,Simples,Reta,Rural,5,0,0,0,5,0,0,2
83507918,12/10/16,Quarta,22:30:00,RN,101,"83,2",SAO GONCALO DO AMARANTE,Outras,Atropelamento de pessoa,Com Vítimas Feridas,Plena noite,Crescente,Ceu Claro,Dupla,Reta,Urbano,2,0,0,1,0,1,1,1
83508020,15/10/16,Sábado,17:20:00,RN,304,"136,7",ANGICOS,Outras,Saída de Pista,Sem Vítimas,Anoitecer,Crescente,Sol,Simples,Reta,Rural,1,0,0,0,1,0,0,1
83508185,17/10/16,Segunda,14:15:00,RN,304,"304,1",MACAIBA,Outras,Capotamento,Com Vítimas Feridas,Pleno dia,Crescente,Ceu Claro,Dupla,Reta,Rural,1,0,1,0,0,0,1,1
83508245,17/10/16,Segunda,09:10:00,RN,406,29,GUAMARE,Outras,Colisão Transversal,Com Vítimas Feridas,Pleno dia,Decrescente,Ceu Claro,Simples,Reta,Rural,3,0,1,1,1,0,2,2
83508246,17/10/16,Segunda,18:00:00,RN,101,"27,4",RIO DO FOGO,Animais na Pista,Atropelamento de animal,Com Vítimas Feridas,Anoitecer,Crescente,Ceu Claro,Simples,Reta,Rural,2,0,1,1,0,0,2,1
83508284,13/10/16,Quinta,18:40:00,RN,304,"56,2",MOSSORO,Outras,Queda de motocicleta / bicicleta / veículo,Com Vítimas Feridas,Plena noite,Crescente,Ceu Claro,Simples,Reta,Rural,1,0,0,1,0,0,1,1
83508292,13/10/16,Quinta,21:20:00,RN,304,"117,4",ITAJA,Animais na Pista,Atropelamento de animal,Com Vítimas Feridas,Plena noite,Crescente,Ceu Claro,Simples,Reta,Rural,1,0,1,0,0,0,1,1
83508365,20/06/16,Segunda,11:10:00,RN,226,"34,8",MACAIBA,Outras,Colisão lateral,Com Vítimas Feridas,Pleno dia,Crescente,Nublado,Simples,Reta,Rural,5,0,0,3,2,0,3,3
83508366,18/10/16,Terça,06:50:00,RN,101,97,NATAL,Não guardar distância de segurança,Colisão lateral,Com Vítimas Feridas,Pleno dia,Decrescente,Ceu Claro,Simples,Reta,Urbano,3,0,1,0,2,0,1,3
83508595,18/10/16,Terça,14:00:00,RN,226,"12,8",MACAIBA,Outras,Colisão Transversal,Com Vítimas Feridas,Pleno dia,Crescente,Ceu Claro,Simples,Reta,Urbano,2,0,1,0,1,0,1,2
83508625,03/10/16,Segunda,01:40:00,RN,406,168,SAO GONCALO DO AMARANTE,Animais na Pista,Atropelamento de animal,Sem Vítimas,Plena noite,Crescente,Ceu Claro,Dupla,Reta,Rural,1,0,0,0,1,0,0,1
83508629,14/10/16,Sexta,23:20:00,RN,406,"107,3",JOAO CAMARA,Outras,Saída de Pista,Com Vítimas Feridas,Plena noite,Decrescente,Ceu Claro,Simples,Reta,Rural,1,0,0,1,0,0,1,1
83508634,18/10/16,Terça,18:40:00,RN,304,"32,1",MOSSORO,Outras,Colisão Transversal,Com Vítimas Feridas,Plena noite,Crescente,Ceu Claro,Simples,Reta,Urbano,3,0,2,0,1,0,2,2
83508683,15/10/16,Sábado,20:00:00,RN,101,"160,5",CANGUARETAMA,Desobediência à sinalização,Colisão frontal,Com Vítimas Feridas,Plena noite,Decrescente,Ceu Claro,Dupla,Reta,Urbano,2,0,0,1,1,0,1,2
83508749,15/10/16,Sábado,16:10:00,RN,304,287,MACAIBA,Outras,Colisão traseira,Com Vítimas Feridas,Pleno dia,Decrescente,Ceu Claro,Simples,Reta,Rural,2,0,1,0,1,0,1,2
83508786,19/10/16,Quarta,11:10:00,RN,101,"82,8",NATAL,Falta de atenção,Colisão lateral,Com Vítimas Feridas,Pleno dia,Decrescente,Sol,Dupla,Reta,Urbano,3,0,2,0,0,1,2,2
83508790,19/10/16,Quarta,11:00:00,RN,101,"127,8",SAO JOSE DE MIPIBU,Velocidade incompatível,Capotamento,Ignorado,Pleno dia,Decrescente,Ceu Claro,Dupla,Reta,Rural,1,0,0,0,0,1,0,1
83508860,19/10/16,Quarta,14:30:00,RN,101,"176,7",BAIA FORMOSA,Dormindo,Saída de Pista,Com Vítimas Feridas,Pleno dia,Decrescente,Vento,Dupla,Reta,Rural,1,0,1,0,0,0,1,1
83508865,19/10/16,Quarta,18:10:00,RN,427,"99,5",CAICO,Falta de atenção,Atropelamento de pessoa,Com Vítimas Feridas,Plena noite,Decrescente,Ceu Claro,Simples,Reta,Urbano,2,0,0,2,0,0,2,1
83508877,19/10/16,Quarta,18:50:00,RN,101,"115,8",SAO JOSE DE MIPIBU,Ingestão de álcool,Colisão traseira,Com Vítimas Feridas,Plena noite,Crescente,Ceu Claro,Dupla,Reta,Urbano,2,0,1,0,1,0,1,2
83508887,13/10/16,Quinta,18:05:00,RN,101,103,PARNAMIRIM,Outras,Tombamento,Com Vítimas Feridas,Plena noite,Decrescente,Ceu Claro,Múltipla,Reta,Urbano,1,0,0,1,0,0,1,1
83508896,19/10/16,Quarta,16:40:00,RN,101,"84,8",SAO GONCALO DO AMARANTE,Defeito mecânico em veículo,Colisão com objeto fixo,Sem Vítimas,Pleno dia,Crescente,Vento,Dupla,Reta,Urbano,1,0,0,0,1,0,0,1
83508915,19/10/16,Quarta,18:50:00,RN,406,150,CEARA-MIRIM,Outras,Atropelamento de pessoa,Com Vítimas Feridas,Plena noite,Crescente,Vento,Simples,Reta,Urbano,2,0,0,1,0,1,1,1
83508950,15/10/16,Sábado,12:45:00,RN,101,"106,8",PARNAMIRIM,Falta de atenção,Atropelamento de pessoa,Com Vítimas Feridas,Pleno dia,Crescente,Ceu Claro,Dupla,Reta,Urbano,2,0,1,0,0,1,1,1
83508991,12/10/16,Quarta,22:30:00,RN,427,"97,5",CAICO,Ingestão de álcool,Queda de motocicleta / bicicleta / veículo,Com Vítimas Feridas,Plena noite,Decrescente,Ceu Claro,Simples,Reta,Urbano,1,0,0,1,0,0,1,1
83509102,17/10/16,Segunda,05:45:00,RN,101,96,NATAL,Não guardar distância de segurança,Colisão traseira,Com Vítimas Feridas,Amanhecer,Decrescente,Chuva,Múltipla,Curva,Urbano,2,0,1,0,1,0,1,2
83509233,16/10/16,Domingo,20:00:00,RN,101,57,CEARA-MIRIM,Outras,Colisão frontal,Com Vítimas Feridas,Plena noite,Crescente,Ceu Claro,Simples,Reta,Rural,2,0,0,1,0,1,1,2
83509266,20/10/16,Quinta,17:40:00,RN,110,"125,9",CAMPO GRANDE,Outras,Colisão traseira,Com Vítimas Fatais,Anoitecer,Crescente,Ceu Claro,Simples,Reta,Rural,3,1,0,0,1,1,0,2
83509274,20/10/16,Quinta,15:40:00,RN,101,127,SAO JOSE DE MIPIBU,Falta de atenção,Colisão traseira,Sem Vítimas,Pleno dia,Decrescente,Ceu Claro,Dupla,Curva,Rural,2,0,0,0,2,0,0,2
83509275,20/10/16,Quinta,18:10:00,RN,226,"322,1",JANDUIS,Outras,Colisão lateral,Com Vítimas Feridas,Plena noite,Decrescente,Ceu Claro,Simples,Reta,Rural,2,0,1,0,1,0,1,2
83509298,20/10/16,Quinta,19:30:00,RN,101,147,GOIANINHA,Outras,Atropelamento de pessoa,Com Vítimas Feridas,Plena noite,Crescente,Ceu Claro,Dupla,Reta,Urbano,2,0,1,0,1,0,1,1
83509550,21/10/16,Sexta,21:30:00,RN,304,"40,2",MOSSORO,Ingestão de álcool,Colisão lateral,Sem Vítimas,Plena noite,Crescente,Ceu Claro,Dupla,Reta,Urbano,2,0,0,0,2,0,0,2
83509616,18/10/16,Terça,22:29:00,RN,101,84,SAO GONCALO DO AMARANTE,Outras,Atropelamento de pessoa,Com Vítimas Feridas,Plena noite,Crescente,Ceu Claro,Dupla,Reta,Urbano,2,0,1,0,1,0,1,1
83509664,19/10/16,Quarta,00:15:00,RN,101,124,SAO JOSE DE MIPIBU,Outras,Colisão traseira,Com Vítimas Feridas,Plena noite,Crescente,Ceu Claro,Múltipla,Reta,Urbano,2,0,0,1,1,0,1,2
83509721,17/10/16,Segunda,19:10:00,RN,304,"79,7",MOSSORO,Ingestão de álcool,Colisão lateral,Com Vítimas Fatais,Pleno dia,Decrescente,Ceu Claro,Simples,Reta,Urbano,2,1,0,0,0,1,0,2
83509780,14/10/16,Sexta,14:30:00,RN,304,"300,1",MACAIBA,Falta de atenção,Colisão lateral,Com Vítimas Feridas,Pleno dia,Crescente,Ceu Claro,Dupla,Cruzamento,Rural,2,0,1,0,0,1,1,2
83509855,22/10/16,Sábado,21:45:00,RN,406,167,SAO GONCALO DO AMARANTE,Ingestão de álcool,Colisão lateral,Sem Vítimas,Plena noite,Decrescente,Ceu Claro,Dupla,Reta,Rural,2,0,0,0,2,0,0,2
83509894,22/10/16,Sábado,18:00:00,RN,405,"3,1",MOSSORO,Outras,Colisão Transversal,Com Vítimas Feridas,Anoitecer,Crescente,Ignorada,Simples,Reta,Urbano,2,0,0,2,0,0,2,2
83509996,19/10/16,Quarta,12:40:00,RN,101,98,NATAL,Falta de atenção,Colisão lateral,Com Vítimas Feridas,Pleno dia,Crescente,Sol,Dupla,Reta,Urbano,2,0,1,0,1,0,1,2
83510004,16/10/16,Domingo,19:00:00,RN,101,"175,5",CANGUARETAMA,Defeito na via,Queda de motocicleta / bicicleta / veículo,Com Vítimas Feridas,Amanhecer,Crescente,Ceu Claro,Dupla,Reta,Rural,2,0,1,1,0,0,2,1
83510090,23/10/16,Domingo,17:30:00,RN,304,"43,1",MOSSORO,Outras,Colisão Transversal,Com Vítimas Feridas,Anoitecer,Crescente,Ceu Claro,Dupla,Cruzamento,Rural,2,0,0,1,1,0,1,2
83510127,19/10/16,Quarta,21:15:00,RN,110,6,AREIA BRANCA,Outras,Atropelamento de animal,Com Vítimas Feridas,Plena noite,Decrescente,Ceu Claro,Simples,Reta,Rural,3,0,2,1,0,0,3,2
83510232,12/10/16,Quarta,17:20:00,RN,304,46,MOSSORO,Falta de atenção,Colisão traseira,Com Vítimas Feridas,Anoitecer,Crescente,Ignorada,Dupla,Reta,Urbano,3,0,2,0,1,0,2,2
83510253,24/10/16,Segunda,10:30:00,RN,427,"99,6",CAICO,Falta de atenção,Colisão traseira,Sem Vítimas,Pleno dia,Crescente,Sol,Simples,Reta,Urbano,2,0,0,0,2,0,0,2
83510261,21/10/16,Sexta,01:00:00,RN,101,110,SAO JOSE DE MIPIBU,Dormindo,Saída de Pista,Ignorado,Plena noite,Crescente,Ceu Claro,Dupla,Reta,Rural,1,0,0,0,0,1,0,1
83510303,08/10/16,Sábado,08:05:00,RN,304,48,MOSSORO,Falta de atenção,Colisão Transversal,Com Vítimas Feridas,Pleno dia,Crescente,Ceu Claro,Múltipla,Curva,Urbano,3,0,1,2,0,0,3,2
83510307,24/10/16,Segunda,09:11:00,RN,101,95,NATAL,Defeito mecânico em veículo,Colisão traseira,Com Vítimas Feridas,Pleno dia,Crescente,Nublado,Múltipla,Reta,Urbano,3,0,1,0,2,0,1,3
83510343,24/10/16,Segunda,08:45:00,RN,304,303,PARNAMIRIM,Falta de atenção,Colisão traseira,Com Vítimas Feridas,Pleno dia,Crescente,Ceu Claro,Dupla,Cruzamento,Rural,2,0,1,0,1,0,1,2
83510376,24/10/16,Segunda,14:00:00,RN,101,"81,8",SAO GONCALO DO AMARANTE,Desobediência à sinalização,Colisão Transversal,Com Vítimas Feridas,Pleno dia,Crescente,Sol,Dupla,Reta,Urbano,2,0,0,1,0,1,1,2
83510392,24/10/16,Segunda,18:00:00,RN,427,"82,1",CAICO,Defeito na via,Saída de Pista,Com Vítimas Feridas,Anoitecer,Decrescente,Ceu Claro,Simples,Reta,Rural,1,0,0,1,0,0,1,1
83510401,24/10/16,Segunda,19:50:00,RN,304,"41,3",MOSSORO,Falta de atenção,Colisão traseira,Com Vítimas Feridas,Plena noite,Decrescente,Ceu Claro,Dupla,Reta,Urbano,2,0,1,0,1,0,1,2
83510491,25/10/16,Terça,09:10:00,RN,304,47,MOSSORO,Desobediência à sinalização,Colisão traseira,Com Vítimas Feridas,Pleno dia,Crescente,Ceu Claro,Dupla,Cruzamento,Urbano,2,0,1,0,1,0,1,2
83510535,25/10/16,Terça,09:30:00,RN,110,"49,3",MOSSORO,Outras,Colisão Transversal,Sem Vítimas,Pleno dia,Decrescente,Ceu Claro,Dupla,Reta,Urbano,2,0,0,0,2,0,0,2
83510536,22/10/16,Sábado,00:30:00,RN,405,"158,4",PAU DOS FERROS,Ingestão de álcool,Colisão lateral,Com Vítimas Feridas,Plena noite,Crescente,Ceu Claro,Simples,Reta,Rural,4,0,1,1,2,0,2,2
83510608,22/10/16,Sábado,05:30:00,RN,226,3,NATAL,Outras,Colisão lateral,Com Vítimas Feridas,Pleno dia,Crescente,Ceu Claro,Simples,Reta,Urbano,3,0,2,0,1,0,2,2
83510634,25/10/16,Terça,12:50:00,RN,226,"64,7",SERRA CAIADA,Desobediência à sinalização,Colisão frontal,Com Vítimas Feridas,Pleno dia,Crescente,Ceu Claro,Simples,Reta,Rural,3,0,1,1,1,0,2,2
83510710,18/10/16,Terça,06:40:00,RN,101,"95,2",NATAL,Defeito mecânico em veículo,Colisão traseira,Com Vítimas Feridas,Pleno dia,Decrescente,Ceu Claro,Múltipla,Reta,Urbano,3,0,2,0,1,0,2,3
83510728,17/02/16,Quarta,09:00:00,RN,226,16,MACAIBA,Falta de atenção,Colisão Transversal,Com Vítimas Feridas,Pleno dia,Decrescente,Ceu Claro,Simples,Reta,Urbano,2,0,0,1,1,0,1,2
83510818,26/10/16,Quarta,06:30:00,RN,427,"62,1",JARDIM DO SERIDO,Outras,Queda de motocicleta / bicicleta / veículo,Com Vítimas Feridas,Pleno dia,Crescente,Ceu Claro,Simples,Curva,Rural,1,0,0,1,0,0,1,1
83510891,26/10/16,Quarta,08:50:00,RN,226,"13,8",MACAIBA,Outras,Colisão traseira,Com Vítimas Feridas,Pleno dia,Crescente,Ceu Claro,Simples,Reta,Urbano,3,0,0,2,1,0,2,2
83511021,28/04/16,Quinta,14:30:00,RN,101,106,NATAL,Falta de atenção,Colisão com objeto móvel,Com Vítimas Feridas,Pleno dia,Decrescente,Ceu Claro,Dupla,Reta,Urbano,2,0,1,0,1,0,1,1
83511104,27/10/16,Quinta,18:45:00,RN,101,"108,8",PARNAMIRIM,Outras,Atropelamento de pessoa,Com Vítimas Feridas,Plena noite,Crescente,Ceu Claro,Dupla,Reta,Urbano,2,0,1,1,0,0,2,1
83511182,27/10/16,Quinta,18:50:00,RN,226,"113,7",SANTA CRUZ,Outras,Colisão frontal,Com Vítimas Fatais,Plena noite,Crescente,Ceu Claro,Simples,Curva,Rural,6,1,0,5,0,0,5,2
83511354,28/10/16,Sexta,15:40:00,RN,101,104,PARNAMIRIM,Ingestão de álcool,Colisão Transversal,Com Vítimas Feridas,Pleno dia,Crescente,Ceu Claro,Dupla,Reta,Urbano,4,0,0,2,2,0,2,2
83511369,28/10/16,Sexta,17:30:00,RN,101,46,MAXARANGUAPE,Falta de atenção,Colisão Transversal,Com Vítimas Feridas,Anoitecer,Decrescente,Ceu Claro,Simples,Cruzamento,Rural,3,0,1,1,1,0,2,2
83511393,28/10/16,Sexta,19:35:00,RN,405,"176,2",JOSE DA PENHA,Falta de atenção,Colisão traseira,Com Vítimas Feridas,Plena noite,Decrescente,Ceu Claro,Simples,Reta,Rural,2,0,1,0,1,0,1,2
83511407,28/10/16,Sexta,20:00:00,RN,427,"100,6",CAICO,Falta de atenção,Colisão Transversal,Com Vítimas Feridas,Plena noite,Crescente,Ceu Claro,Simples,Reta,Urbano,2,0,1,0,1,0,1,2
83511593,29/10/16,Sábado,18:40:00,RN,101,"96,2",NATAL,Falta de atenção,Colisão lateral,Sem Vítimas,Plena noite,Decrescente,Ceu Claro,Dupla,Cruzamento,Urbano,2,0,0,0,2,0,0,2
83511606,29/10/16,Sábado,20:11:00,RN,101,"112,1",SAO JOSE DE MIPIBU,Animais na Pista,Atropelamento de animal,Com Vítimas Feridas,Anoitecer,Crescente,Ceu Claro,Dupla,Reta,Rural,2,0,2,0,0,0,2,1
83511607,29/10/16,Sábado,17:20:00,RN,101,"98,8",NATAL,Animais na Pista,Colisão traseira,Com Vítimas Feridas,Anoitecer,Crescente,Ceu Claro,Dupla,Reta,Urbano,3,0,1,0,2,0,1,2
83511611,29/10/16,Sábado,17:50:00,RN,101,112,SAO JOSE DE MIPIBU,Animais na Pista,Colisão traseira,Com Vítimas Feridas,Anoitecer,Crescente,Ceu Claro,Dupla,Reta,Rural,4,0,2,0,2,0,2,3
83511671,29/10/16,Sábado,19:30:00,RN,304,"148,3",ANGICOS,Falta de atenção,Colisão Transversal,Sem Vítimas,Plena noite,Decrescente,Ceu Claro,Simples,Reta,Urbano,2,0,0,0,2,0,0,2
83511716,28/10/16,Sexta,16:00:00,RN,405,102,SEVERIANO MELO,Não guardar distância de segurança,Colisão traseira,Com Vítimas Feridas,Pleno dia,Crescente,Ceu Claro,Simples,Reta,Rural,3,0,1,0,2,0,1,2
83511731,01/04/16,Sexta,07:15:00,RN,226,4,NATAL,Outras,Colisão Transversal,Com Vítimas Feridas,Pleno dia,Decrescente,Sol,Simples,Reta,Urbano,3,0,0,2,1,0,2,2
83511842,30/10/16,Domingo,21:20:00,RN,406,167,SAO GONCALO DO AMARANTE,Ingestão de álcool,Colisão traseira,Com Vítimas Feridas,Plena noite,Crescente,Ceu Claro,Dupla,Reta,Urbano,3,0,3,0,0,0,3,2
83511860,30/10/16,Domingo,21:10:00,RN,110,"47,9",MOSSORO,Outras,Colisão lateral,Com Vítimas Feridas,Plena noite,Decrescente,Ceu Claro,Simples,Reta,Urbano,2,0,1,0,0,1,1,2
83511994,31/10/16,Segunda,11:30:00,RN,405,"10,2",MOSSORO,Outras,Colisão lateral,Com Vítimas Feridas,Pleno dia,Crescente,Ceu Claro,Simples,Reta,Rural,2,0,0,1,0,1,1,2
83512012,28/10/16,Sexta,03:00:00,RN,110,11,AREIA BRANCA,Velocidade incompatível,Capotamento,Com Vítimas Fatais,Plena noite,Decrescente,Ceu Claro,Simples,Curva,Rural,1,1,0,0,0,0,0,1
83512068,31/10/16,Segunda,15:50:00,RN,427,"106,9",CAICO,Dormindo,Tombamento,Com Vítimas Feridas,Pleno dia,Crescente,Ceu Claro,Simples,Reta,Rural,2,0,1,0,1,0,1,1
83512129,31/10/16,Segunda,18:00:00,RN,101,125,SAO JOSE DE MIPIBU,Desobediência à sinalização,Colisão frontal,Com Vítimas Feridas,Plena noite,Crescente,Ignorada,Dupla,Reta,Urbano,2,0,1,1,0,0,2,2
83512324,01/11/16,Terça,13:00:00,RN,304,"47,8",MOSSORO,Desobediência à sinalização,Colisão Transversal,Com Vítimas Feridas,Pleno dia,Decrescente,Ceu Claro,Dupla,Cruzamento,Urbano,3,0,2,1,0,0,3,2
83512410,29/10/16,Sábado,22:47:00,RN,101,97,NATAL,Ingestão de álcool,Colisão lateral,Sem Vítimas,Plena noite,Crescente,Ceu Claro,Dupla,Curva,Urbano,2,0,0,0,2,0,0,2
83512449,02/11/16,Quarta,06:10:00,RN,101,"95,9",NATAL,Ingestão de álcool,Colisão lateral,Sem Vítimas,Pleno dia,Crescente,Ceu Claro,Dupla,Reta,Urbano,2,0,0,0,2,0,0,2
83512552,02/11/16,Quarta,17:30:00,RN,101,79,NATAL,Não guardar distância de segurança,Colisão traseira,Com Vítimas Feridas,Pleno dia,Decrescente,Ceu Claro,Dupla,Reta,Urbano,2,0,1,0,0,1,1,2
83512643,03/11/16,Quinta,08:20:00,RN,110,"46,8",MOSSORO,Falta de atenção,Colisão Transversal,Com Vítimas Feridas,Pleno dia,Decrescente,Ceu Claro,Simples,Cruzamento,Urbano,2,0,2,0,0,0,2,2
83512794,03/11/16,Quinta,18:00:00,RN,101,"66,6",EXTREMOZ,Animais na Pista,Atropelamento de animal,Sem Vítimas,Plena noite,Crescente,Ceu Claro,Simples,Reta,Rural,1,0,0,0,1,0,0,1
83512863,04/11/16,Sexta,06:15:00,RN,101,106,PARNAMIRIM,Falta de atenção,Colisão traseira,Com Vítimas Feridas,Pleno dia,Crescente,Ceu Claro,Dupla,Reta,Urbano,2,0,1,0,0,1,1,2
83512879,03/11/16,Quinta,16:15:00,RN,101,97,NATAL,Falta de atenção,Colisão lateral,Sem Vítimas,Pleno dia,Crescente,Sol,Dupla,Reta,Urbano,2,0,0,0,2,0,0,2
83512917,31/10/16,Segunda,12:40:00,RN,427,"99,5",CAICO,Desobediência à sinalização,Colisão Transversal,Com Vítimas Feridas,Pleno dia,Decrescente,Ceu Claro,Simples,Reta,Urbano,4,0,1,0,3,0,1,2
83512934,02/11/16,Quarta,00:40:00,RN,101,"96,9",NATAL,Falta de atenção,Colisão Transversal,Sem Vítimas,Plena noite,Decrescente,Ceu Claro,Dupla,Reta,Urbano,2,0,0,0,2,0,0,2
83513066,04/11/16,Sexta,22:50:00,RN,304,48,MOSSORO,Desobediência à sinalização,Colisão Transversal,Com Vítimas Feridas,Plena noite,Decrescente,Ceu Claro,Dupla,Reta,Urbano,2,0,0,1,1,0,1,2
83513163,02/11/16,Quarta,04:00:00,RN,427,"99,6",CAICO,Falta de atenção,Capotamento,Com Vítimas Feridas,Plena noite,Crescente,Ceu Claro,Simples,Reta,Urbano,1,0,0,1,0,0,1,1
83513168,05/11/16,Sábado,07:40:00,RN,406,"146,8",CEARA-MIRIM,Animais na Pista,Atropelamento de animal,Sem Vítimas,Pleno dia,Decrescente,Sol,Simples,Reta,Rural,1,0,0,0,1,0,0,1
83513185,01/11/16,Terça,19:10:00,RN,110,47,MOSSORO,Falta de atenção,Colisão Transversal,Com Vítimas Feridas,Plena noite,Decrescente,Ceu Claro,Simples,Reta,Urbano,3,0,1,1,1,0,2,2
83513202,06/03/16,Domingo,01:30:00,RN,226,"112,5",SANTA CRUZ,Animais na Pista,Atropelamento de animal,Com Vítimas Fatais,Plena noite,Decrescente,Ceu Claro,Simples,Reta,Rural,1,1,0,0,0,0,0,1
83513212,05/11/16,Sábado,11:45:00,RN,101,"97,6",NATAL,Falta de atenção,Colisão lateral,Sem Vítimas,Pleno dia,Crescente,Ceu Claro,Múltipla,Reta,Urbano,2,0,0,0,2,0,0,2
83513237,24/10/16,Segunda,07:00:00,RN,406,150,CEARA-MIRIM,Outras,Colisão Transversal,Com Vítimas Feridas,Pleno dia,Crescente,Ceu Claro,Simples,Reta,Urbano,2,0,0,1,1,0,1,2
83513337,01/11/16,Terça,17:00:00,RN,406,152,CEARA-MIRIM,Outras,Colisão Transversal,Sem Vítimas,Anoitecer,Decrescente,Ceu Claro,Simples,Cruzamento,Urbano,3,0,0,0,2,1,0,3
83513370,05/11/16,Sábado,21:30:00,RN,101,"103,2",PARNAMIRIM,Outras,Atropelamento de pessoa,Com Vítimas Feridas,Plena noite,Decrescente,Ceu Claro,Múltipla,Reta,Urbano,2,0,0,1,0,1,1,1
83513432,27/09/16,Terça,10:30:00,RN,406,96,JOAO CAMARA,Defeito mecânico em veículo,Colisão lateral,Sem Vítimas,Pleno dia,Crescente,Ceu Claro,Simples,Reta,Rural,2,0,0,0,2,0,0,2