id,data_inversa,dia_semana,horario,uf,br,km,municipio,causa_acidente,tipo_acidente,classificacao_acidente,fase_dia,sentido_via,condicao_metereologica,tipo_pista,tracado_via,uso_solo,pessoas,mortos,feridos_leves,feridos_graves,ilesos,ignorados,feridos,veiculos
83513534,02/11/16,Quarta,07:30:00,RN,101,"82,9",NATAL,Falta de atenção,Atropelamento de pessoa,Com Vítimas Fatais,Plena noite,Decrescente,Ceu Claro,Dupla,Reta,Urbano,2,1,0,1,0,0,1,1
83513545,06/11/16,Domingo,12:35:00,RN,101,31,RIO DO FOGO,Defeito mecânico em veículo,Incêndio,Sem Vítimas,Pleno dia,Decrescente,Sol,Simples,Reta,Rural,1,0,0,0,1,0,0,1
83513665,04/11/16,Sexta,16:20:00,RN,110,"47,2",MOSSORO,Falta de atenção,Colisão traseira,Com Vítimas Feridas,Pleno dia,Crescente,Ceu Claro,Simples,Cruzamento,Urbano,3,0,1,0,2,0,1,2
83513674,18/10/16,Terça,11:30:00,RN,406,20,MACAU,Dormindo,Capotamento,Com Vítimas Fatais,Pleno dia,Crescente,Sol,Simples,Reta,Rural,4,1,1,2,0,0,3,1
83513690,07/11/16,Segunda,06:00:00,RN,406,"150,7",CEARA-MIRIM,Falta de atenção,Atropelamento de pessoa,Com Vítimas Feridas,Amanhecer,Crescente,Nublado,Simples,Reta,Urbano,2,0,0,1,1,0,1,1
83513700,04/11/16,Sexta,18:20:00,RN,304,"61,9",MOSSORO,Outras,Colisão Transversal,Com Vítimas Feridas,Plena noite,Crescente,Ceu Claro,Simples,Reta,Rural,3,0,2,0,0,1,2,2
83513764,14/10/16,Sexta,10:00:00,RN,101,100,PARNAMIRIM,Falta de atenção,Colisão lateral,Com Vítimas Feridas,Pleno dia,Decrescente,Ceu Claro,Dupla,Reta,Urbano,2,0,1,0,1,0,1,2
83513836,07/11/16,Segunda,18:50:00,RN,427,"98,3",CAICO,Velocidade incompatível,Colisão frontal,Com Vítimas Feridas,Plena noite,Decrescente,Ceu Claro,Simples,Reta,Urbano,3,0,2,0,1,0,2,2
83513883,07/11/16,Segunda,15:00:00,RN,101,"2,5",TOUROS,Outras,Colisão frontal,Com Vítimas Feridas,Plena noite,Crescente,Ceu Claro,Simples,Reta,Rural,3,0,0,3,0,0,3,2
83513892,07/11/16,Segunda,20:20:00,RN,304,"35,5",MOSSORO,Desobediência à sinalização,Colisão traseira,Com Vítimas Feridas,Plena noite,Crescente,Ceu Claro,Múltipla,Cruzamento,Urbano,3,0,3,0,0,0,3,2
83514006,05/11/16,Sábado,19:15:00,RN,304,"69,3",LAJES,Ultrapassagem indevida,Colisão frontal,Com Vítimas Feridas,Plena noite,Decrescente,Ceu Claro,Simples,Reta,Rural,3,0,2,1,0,0,3,2
83514012,08/11/16,Terça,11:35:00,RN,101,84,SAO GONCALO DO AMARANTE,Falta de atenção,Atropelamento de pessoa,Com Vítimas Feridas,Pleno dia,Crescente,Sol,Dupla,Reta,Urbano,2,0,0,1,1,0,1,1
83514103,08/11/16,Terça,15:50:00,RN,101,94,NATAL,Outras,Colisão lateral,Com Vítimas Feridas,Pleno dia,Decrescente,Chuva,Dupla,Curva,Urbano,2,0,0,1,0,1,1,2
83514373,09/11/16,Quarta,16:10:00,RN,101,104,PARNAMIRIM,Falta de atenção,Colisão traseira,Com Vítimas Feridas,Pleno dia,Crescente,Sol,Dupla,Cruzamento,Urbano,2,0,1,0,1,0,1,2
83514393,09/11/16,Quarta,18:00:00,RN,101,106,PARNAMIRIM,Desobediência à sinalização,Atropelamento de pessoa,Com Vítimas Feridas,Plena noite,Crescente,Ceu Claro,Dupla,Cruzamento,Urbano,2,0,1,0,0,1,1,1
83514448,05/11/16,Sábado,02:40:00,RN,304,98,ASSU,Desobediência à sinalização,Colisão Transversal,Com Vítimas Fatais,Plena noite,Decrescente,Ceu Claro,Simples,Reta,Rural,3,1,0,2,0,0,2,2
83514500,09/11/16,Quarta,22:40:00,RN,101,97,NATAL,Outras,Colisão com objeto fixo,Com Vítimas Feridas,Plena noite,Decrescente,Ceu Claro,Dupla,Reta,Urbano,1,0,0,1,0,0,1,1
83514523,10/11/16,Quinta,11:30:00,RN,226,178,CURRAIS NOVOS,Falta de atenção,Colisão lateral,Com Vítimas Feridas,Pleno dia,Decrescente,Ceu Claro,Dupla,Reta,Urbano,2,0,1,0,1,0,1,2
83514554,02/10/16,Domingo,14:30:00,RN,427,7,CURRAIS NOVOS,Outras,Saída de Pista,Com Vítimas Feridas,Pleno dia,Crescente,Ceu Claro,Simples,Curva,Rural,1,0,0,1,0,0,1,1
83514605,10/11/16,Quinta,16:25:00,RN,110,"49,3",MOSSORO,Animais na Pista,Atropelamento de animal,Com Vítimas Feridas,Pleno dia,Decrescente,Ceu Claro,Dupla,Reta,Urbano,1,0,1,0,0,0,1,1
83514635,10/11/16,Quinta,08:00:00,RN,101,"102,7",PARNAMIRIM,Não guardar distância de segurança,Colisão lateral,Sem Vítimas,Pleno dia,Decrescente,Ceu Claro,Múltipla,Curva,Urbano,2,0,0,0,2,0,0,2
83514680,10/11/16,Quinta,17:30:00,RN,101,98,NATAL,Outras,Colisão com objeto fixo,Sem Vítimas,Pleno dia,Crescente,Ceu Claro,Simples,Curva,Urbano,1,0,0,0,1,0,0,1
83514732,07/11/16,Segunda,21:20:00,RN,304,"33,6",MOSSORO,Animais na Pista,Atropelamento de animal,Sem Vítimas,Plena noite,Crescente,Ceu Claro,Dupla,Reta,Urbano,1,0,0,0,1,0,0,1
83514787,09/11/16,Quarta,17:00:00,RN,101,"101,9",PARNAMIRIM,Defeito mecânico em veículo,Colisão lateral,Sem Vítimas,Pleno dia,Crescente,Ceu Claro,Dupla,Curva,Urbano,2,0,0,0,2,0,0,2
83514809,11/11/16,Sexta,07:30:00,RN,101,"78,9",NATAL,Outras,Colisão traseira,Com Vítimas Feridas,Pleno dia,Decrescente,Ceu Claro,Dupla,Reta,Urbano,2,0,0,1,1,0,1,2
83514848,07/11/16,Segunda,09:25:00,RN,304,"39,4",MOSSORO,Outras,Queda de motocicleta / bicicleta / veículo,Com Vítimas Feridas,Pleno dia,Decrescente,Ceu Claro,Simples,Curva,Urbano,2,0,2,0,0,0,2,1
83514867,11/11/16,Sexta,15:45:00,RN,304,"35,5",MOSSORO,Falta de atenção,Colisão traseira,Sem Vítimas,Pleno dia,Crescente,Ceu Claro,Simples,Curva,Urbano,2,0,0,0,1,1,0,2
83515200,09/11/16,Quarta,08:35:00,RN,110,46,MOSSORO,Falta de atenção,Colisão Transversal,Com Vítimas Feridas,Pleno dia,Crescente,Sol,Simples,Cruzamento,Urbano,4,0,3,0,1,0,3,2
83515225,09/11/16,Quarta,18:25:00,RN,304,32,MOSSORO,Ingestão de álcool,Colisão traseira,Com Vítimas Feridas,Plena noite,Crescente,Ignorada,Simples,Reta,Urbano,2,0,1,0,1,0,1,2
83515240,12/11/16,Sábado,13:25:00,RN,101,106,PARNAMIRIM,Outras,Colisão lateral,Com Vítimas Feridas,Pleno dia,Crescente,Sol,Dupla,Reta,Urbano,2,0,0,1,1,0,1,2
83515285,12/11/16,Sábado,23:10:00,RN,101,"78,5",NATAL,Ingestão de álcool,Colisão traseira,Com Vítimas Feridas,Plena noite,Decrescente,Nublado,Dupla,Reta,Urbano,3,0,1,1,1,0,2,2
83515292,12/11/16,Sábado,18:40:00,RN,101,"159,7",CANGUARETAMA,Ingestão de álcool,Colisão com bicicleta,Com Vítimas Feridas,Plena noite,Decrescente,Ceu Claro,Dupla,Reta,Urbano,2,0,0,1,1,0,1,2
83515297,08/11/16,Terça,18:10:00,RN,405,"20,5",MOSSORO,Ingestão de álcool,Colisão lateral,Com Vítimas Feridas,Plena noite,Crescente,Ceu Claro,Simples,Reta,Rural,5,0,2,0,3,0,2,3
83515429,09/11/16,Quarta,17:55:00,RN,110,2,AREIA BRANCA,Falta de atenção,Colisão Transversal,Com Vítimas Feridas,Plena noite,Decrescente,Ignorada,Simples,Curva,Urbano,2,0,0,1,1,0,1,2
83515559,13/11/16,Domingo,19:40:00,RN,110,100,UPANEMA,Animais na Pista,Atropelamento de animal,Sem Vítimas,Plena noite,Crescente,Ceu Claro,Simples,Reta,Rural,1,0,0,0,1,0,0,1
83515566,13/11/16,Domingo,17:35:00,RN,406,"105,8",JOAO CAMARA,Ingestão de álcool,Colisão frontal,Com Vítimas Fatais,Anoitecer,Crescente,Ceu Claro,Simples,Reta,Urbano,5,1,0,1,1,2,1,2
83515589,13/11/16,Domingo,18:40:00,RN,304,34,MOSSORO,Ingestão de álcool,Colisão traseira,Com Vítimas Feridas,Plena noite,Crescente,Ceu Claro,Dupla,Curva,Urbano,2,0,1,0,1,0,1,2
83515612,14/11/16,Segunda,00:20:00,RN,304,112,ASSU,Outras,Colisão traseira,Com Vítimas Feridas,Plena noite,Crescente,Ceu Claro,Simples,Reta,Rural,4,0,3,0,0,1,3,2
83515622,13/11/16,Domingo,21:50:00,RN,101,"166,4",CANGUARETAMA,Desobediência à sinalização,Colisão frontal,Com Vítimas Fatais,Plena noite,Crescente,Ceu Claro,Simples,Reta,Rural,8,1,4,1,2,0,5,2
83515681,13/11/16,Domingo,20:30:00,RN,101,67,EXTREMOZ,Ingestão de álcool,Colisão frontal,Com Vítimas Feridas,Plena noite,Decrescente,Ceu Claro,Simples,Reta,Rural,3,0,1,1,1,0,2,2
83515704,10/11/16,Quinta,07:40:00,RN,101,103,PARNAMIRIM,Não guardar distância de segurança,Colisão traseira,Sem Vítimas,Pleno dia,Crescente,Ceu Claro,Dupla,Reta,Urbano,2,0,0,0,2,0,0,2
83515744,14/11/16,Segunda,11:20:00,RN,101,"83,9",NATAL,Outras,Atropelamento de pessoa,Com Vítimas Feridas,Pleno dia,Decrescente,Ceu Claro,Dupla,Reta,Urbano,2,0,2,0,0,0,2,1
83515785,14/11/16,Segunda,06:30:00,RN,101,"94,3",NATAL,Outras,Colisão lateral,Com Vítimas Feridas,Pleno dia,Crescente,Ceu Claro,Dupla,Reta,Urbano,4,0,0,2,1,1,2,3
83515836,14/11/16,Segunda,05:50:00,RN,101,"106,3",PARNAMIRIM,Outras,Atropelamento de pessoa,Com Vítimas Feridas,Pleno dia,Decrescente,Ceu Claro,Simples,Reta,Urbano,2,0,1,0,1,0,1,1
83515839,14/11/16,Segunda,18:45:00,RN,304,"48,2",MOSSORO,Outras,Queda de motocicleta / bicicleta / veículo,Com Vítimas Feridas,Plena noite,Crescente,Ceu Claro,Dupla,Reta,Urbano,1,0,1,0,0,0,1,1
83515873,14/11/16,Segunda,18:30:00,RN,226,103,SANTA CRUZ,Animais na Pista,Atropelamento de animal,Com Vítimas Feridas,Plena noite,Crescente,Ceu Claro,Simples,Reta,Rural,1,0,0,1,0,0,1,1
83515944,15/11/16,Terça,05:30:00,RN,304,"42,2",MOSSORO,Outras,Atropelamento de pessoa,Com Vítimas Fatais,Pleno dia,Decrescente,Ceu Claro,Dupla,Reta,Rural,2,1,0,0,0,1,0,1
83516036,28/03/16,Segunda,18:10:00,RN,101,"10,4",PARNAMIRIM,Defeito mecânico em veículo,Queda de motocicleta / bicicleta / veículo,Com Vítimas Feridas,Plena noite,Crescente,Ceu Claro,Dupla,Reta,Urbano,1,0,1,0,0,0,1,1
83516046,09/11/16,Quarta,21:00:00,RN,226,3,NATAL,Desobediência à sinalização,Colisão lateral,Com Vítimas Feridas,Plena noite,Crescente,Ceu Claro,Simples,Reta,Urbano,2,0,0,1,1,0,1,2
83516065,15/11/16,Terça,14:55:00,RN,304,"42,3",MOSSORO,Falta de atenção,Colisão traseira,Com Vítimas Feridas,Pleno dia,Decrescente,Sol,Dupla,Reta,Urbano,3,0,2,0,0,1,2,2
83516249,12/11/16,Sábado,19:45:00,RN,101,108,PARNAMIRIM,Ingestão de álcool,Colisão lateral,Sem Vítimas,Plena noite,Crescente,Ceu Claro,Dupla,Reta,Urbano,2,0,0,0,2,0,0,2
83516462,12/11/16,Sábado,20:15:00,RN,101,"70,8",EXTREMOZ,Outras,Colisão Transversal,Com Vítimas Feridas,Plena noite,Crescente,Ceu Claro,Simples,Reta,Rural,3,0,1,1,1,0,2,2
83516465,15/11/16,Terça,20:20:00,RN,226,"173,7",CURRAIS NOVOS,Ultrapassagem indevida,Colisão Transversal,Com Vítimas Feridas,Plena noite,Decrescente,Ceu Claro,Simples,Reta,Urbano,3,0,1,1,1,0,2,2
83516643,09/11/16,Quarta,15:05:00,RN,304,295,MACAIBA,Falta de atenção,Colisão Transversal,Com Vítimas Feridas,Pleno dia,Crescente,Sol,Simples,Reta,Urbano,2,0,0,1,1,0,1,2
83516659,15/11/16,Terça,20:15:00,RN,226,"44,3",MACAIBA,Outras,Saída de Pista,Com Vítimas Feridas,Plena noite,Decrescente,Ceu Claro,Simples,Reta,Rural,2,0,2,0,0,0,2,1
83516748,17/11/16,Quinta,11:20:00,RN,101,"95,5",NATAL,Falta de atenção,Colisão lateral,Com Vítimas Feridas,Pleno dia,Decrescente,Sol,Dupla,Reta,Urbano,2,0,1,0,1,0,1,2
83516795,17/11/16,Quinta,18:15:00,RN,427,"101,1",CAICO,Falta de atenção,Colisão lateral,Com Vítimas Feridas,Plena noite,Crescente,Ceu Claro,Simples,Reta,Urbano,2,0,0,2,0,0,2,2
83516954,18/11/16,Sexta,11:00:00,RN,101,104,PARNAMIRIM,Falta de atenção,Colisão lateral,Com Vítimas Feridas,Pleno dia,Crescente,Ceu Claro,Dupla,Reta,Urbano,3,0,2,0,1,0,2,2
83516964,18/11/16,Sexta,18:20:00,RN,226,"7,9",NATAL,Outras,Colisão Transversal,Com Vítimas Feridas,Plena noite,Decrescente,Ceu Claro,Simples,Reta,Urbano,2,0,0,1,1,0,1,2
83516990,18/11/16,Sexta,19:45:00,RN,304,"35,3",MOSSORO,Falta de atenção,Colisão Transversal,Sem Vítimas,Plena noite,Decrescente,Ceu Claro,Dupla,Cruzamento,Urbano,3,0,0,0,3,0,0,2
83517000,18/11/16,Sexta,15:30:00,RN,101,"139,9",ARES,Outras,Incêndio,Sem Vítimas,Pleno dia,Decrescente,Ceu Claro,Dupla,Reta,Rural,1,0,0,0,1,0,0,1
83517173,19/11/16,Sábado,13:30:00,RN,226,"244,5",JUCURUTU,Outras,Colisão lateral,Sem Vítimas,Pleno dia,Decrescente,Ceu Claro,Simples,Reta,Rural,2,0,0,0,2,0,0,2
83517413,19/11/16,Sábado,13:55:00,RN,101,"94,5",NATAL,Desobediência à sinalização,Colisão traseira,Com Vítimas Feridas,Pleno dia,Decrescente,Ceu Claro,Dupla,Reta,Urbano,3,0,1,0,2,0,1,2
83517416,20/11/16,Domingo,02:34:00,RN,101,"101,5",PARNAMIRIM,Ingestão de álcool,Colisão com objeto fixo,Sem Vítimas,Plena noite,Crescente,Ceu Claro,Dupla,Reta,Urbano,1,0,0,0,1,0,0,1
83517707,17/11/16,Quinta,06:15:00,RN,427,53,JARDIM DO SERIDO,Falta de atenção,Atropelamento de pessoa,Com Vítimas Feridas,Pleno dia,Crescente,Ceu Claro,Simples,Reta,Rural,2,0,0,1,0,1,1,1
83517890,22/11/16,Terça,05:20:00,RN,101,"78,8",SAO GONCALO DO AMARANTE,Outras,Queda de motocicleta / bicicleta / veículo,Ignorado,Amanhecer,Crescente,Ceu Claro,Dupla,Reta,Urbano,2,0,0,0,0,2,0,2
83518128,22/11/16,Terça,20:20:00,RN,406,148,CEARA-MIRIM,Animais na Pista,Atropelamento de animal,Com Vítimas Feridas,Plena noite,Crescente,Ceu Claro,Simples,Reta,Urbano,1,0,0,1,0,0,1,1
83518184,22/11/16,Terça,17:40:00,RN,101,108,PARNAMIRIM,Falta de atenção,Colisão traseira,Com Vítimas Feridas,Anoitecer,Crescente,Ceu Claro,Dupla,Reta,Urbano,2,0,2,0,0,0,2,2
83518203,19/11/16,Sábado,22:10:00,RN,304,"289,6",MACAIBA,Falta de atenção,Tombamento,Sem Vítimas,Plena noite,Crescente,Ceu Claro,Simples,Reta,Rural,2,0,0,0,2,0,0,2
83518354,11/11/16,Sexta,23:40:00,RN,406,167,SAO GONCALO DO AMARANTE,Falta de atenção,Queda de motocicleta / bicicleta / veículo,Com Vítimas Feridas,Plena noite,Crescente,Ceu Claro,Dupla,Reta,Rural,1,0,0,1,0,0,1,1
83518357,22/11/16,Terça,17:20:00,RN,101,83,SAO GONCALO DO AMARANTE,Ingestão de álcool,Colisão traseira,Sem Vítimas,Pleno dia,Crescente,Ceu Claro,Dupla,Reta,Urbano,2,0,0,0,2,0,0,2
83518367,23/11/16,Quarta,07:30:00,RN,110,"45,9",MOSSORO,Falta de atenção,Colisão traseira,Sem Vítimas,Pleno dia,Crescente,Sol,Simples,Reta,Urbano,2,0,0,0,1,1,0,2
83518371,23/11/16,Quarta,19:10:00,RN,427,"97,5",CAICO,Defeito na via,Queda de motocicleta / bicicleta / veículo,Com Vítimas Feridas,Anoitecer,Decrescente,Ceu Claro,Simples,Reta,Urbano,2,0,2,0,0,0,2,1
83518377,23/11/16,Quarta,10:50:00,RN,226,"13,5",MACAIBA,Falta de atenção,Colisão lateral,Com Vítimas Feridas,Pleno dia,Crescente,Sol,Simples,Reta,Urbano,3,0,1,1,1,0,2,2
83518390,23/11/16,Quarta,16:40:00,RN,101,"96,9",NATAL,Outras,Incêndio,Sem Vítimas,Pleno dia,Crescente,Ceu Claro,Dupla,Reta,Urbano,1,0,0,0,1,0,0,1
83518468,19/11/16,Sábado,11:00:00,RN,101,"84,5",NATAL,Falta de atenção,Colisão lateral,Com Vítimas Feridas,Pleno dia,Decrescente,Ceu Claro,Simples,Reta,Urbano,2,0,1,0,1,0,1,2
83518551,23/11/16,Quarta,22:20:00,RN,427,"100,5",CAICO,Desobediência à sinalização,Colisão Transversal,Com Vítimas Feridas,Plena noite,Crescente,Ceu Claro,Simples,Cruzamento,Urbano,2,0,2,0,0,0,2,2
83518616,24/11/16,Quinta,18:30:00,RN,226,"111,1",SANTA CRUZ,Falta de atenção,Colisão com bicicleta,Sem Vítimas,Plena noite,Crescente,Ceu Claro,Simples,Reta,Urbano,2,0,0,0,2,0,0,2
83518782,30/09/16,Sexta,18:30:00,RN,406,"136,8",TAIPU,Desobediência à sinalização,Colisão frontal,Com Vítimas Feridas,Anoitecer,Decrescente,Ceu Claro,Simples,Reta,Rural,6,0,1,3,1,1,4,2
83518862,25/11/16,Sexta,18:00:00,RN,226,"2,9",NATAL,Falta de atenção,Colisão Transversal,Com Vítimas Feridas,Plena noite,Decrescente,Ceu Claro,Simples,Cruzamento,Urbano,2,0,1,0,0,1,1,2
83518873,25/11/16,Sexta,08:20:00,RN,101,"101,7",PARNAMIRIM,Falta de atenção,Colisão traseira,Com Vítimas Feridas,Pleno dia,Decrescente,Ceu Claro,Dupla,Reta,Urbano,2,0,1,0,1,0,1,2
83518877,25/11/16,Sexta,09:00:00,RN,101,101,PARNAMIRIM,Falta de atenção,Colisão lateral,Sem Vítimas,Pleno dia,Decrescente,Ceu Claro,Múltipla,Curva,Urbano,2,0,0,0,2,0,0,2
83518892,25/11/16,Sexta,08:50:00,RN,427,107,CAICO,Falta de atenção,Colisão traseira,Sem Vítimas,Plena noite,Decrescente,Ceu Claro,Simples,Reta,Rural,2,0,0,0,2,0,0,2
83518894,25/11/16,Sexta,09:50:00,RN,101,98,NATAL,Não guardar distância de segurança,Colisão lateral,Sem Vítimas,Pleno dia,Decrescente,Ceu Claro,Dupla,Reta,Urbano,2,0,0,0,2,0,0,2
83519147,26/11/16,Sábado,14:30:00,RN,101,"97,9",NATAL,Velocidade incompatível,Colisão traseira,Com Vítimas Feridas,Pleno dia,Crescente,Ceu Claro,Dupla,Reta,Urbano,2,0,0,1,1,0,1,2
83519158,26/11/16,Sábado,19:00:00,RN,101,77,SAO GONCALO DO AMARANTE,Ingestão de álcool,Capotamento,Sem Vítimas,Plena noite,Crescente,Ceu Claro,Dupla,Curva,Urbano,1,0,0,0,1,0,0,1
83519228,23/11/16,Quarta,19:00:00,RN,101,98,NATAL,Falta de atenção,Colisão traseira,Com Vítimas Feridas,Plena noite,Crescente,Ceu Claro,Dupla,Reta,Urbano,3,0,1,0,2,0,1,2
83519232,24/11/16,Quinta,21:00:00,RN,304,"154,4",ANGICOS,Outras,Saída de Pista,Sem Vítimas,Plena noite,Crescente,Ignorada,Simples,Reta,Rural,2,0,0,0,1,1,0,2
83519325,27/11/16,Domingo,16:20:00,RN,304,"45,8",MOSSORO,Falta de atenção,Queda de motocicleta / bicicleta / veículo,Com Vítimas Feridas,Pleno dia,Decrescente,Sol,Dupla,Reta,Urbano,1,0,1,0,0,0,1,1
83519459,27/11/16,Domingo,16:50:00,RN,405,"150,4",PAU DOS FERROS,Defeito mecânico em veículo,Capotamento,Com Vítimas Feridas,Pleno dia,Decrescente,Ignorada,Simples,Reta,Urbano,1,0,1,0,0,0,1,1
83519511,19/11/16,Sábado,07:50:00,RN,405,150,PAU DOS FERROS,Outras,Colisão lateral,Com Vítimas Feridas,Pleno dia,Crescente,Sol,Simples,Reta,Urbano,2,0,1,0,1,0,1,2
83519654,28/11/16,Segunda,17:00:00,RN,110,"98,9",UPANEMA,Falta de atenção,Colisão Transversal,Com Vítimas Feridas,Anoitecer,Crescente,Ceu Claro,Dupla,Cruzamento,Urbano,2,0,2,0,0,0,2,2
83519662,26/11/16,Sábado,20:30:00,RN,405,"14,1",MOSSORO,Outras,Colisão frontal,Com Vítimas Fatais,Plena noite,Crescente,Ceu Claro,Simples,Reta,Rural,5,1,0,0,4,0,0,2
83519718,28/11/16,Segunda,12:05:00,RN,101,"66,1",CEARA-MIRIM,Outras,Capotamento,Sem Vítimas,Pleno dia,Crescente,Ceu Claro,Simples,Reta,Rural,1,0,0,0,1,0,0,1
83519800,28/08/16,Domingo,20:51:00,RN,226,"63,4",SERRA CAIADA,Ingestão de álcool,Colisão frontal,Com Vítimas Fatais,Plena noite,Decrescente,Ceu Claro,Simples,Reta,Rural,6,1,2,0,3,0,2,2
83519972,29/11/16,Terça,21:55:00,RN,304,"300,9",MACAIBA,Outras,Capotamento,Com Vítimas Feridas,Plena noite,Crescente,Ceu Claro,Dupla,Reta,Rural,1,0,1,0,0,0,1,1
83520091,30/11/16,Quarta,10:30:00,RN,406,106,JOAO CAMARA,Falta de atenção,Colisão lateral,Sem Vítimas,Pleno dia,Decrescente,Ceu Claro,Simples,Reta,Rural,2,0,0,0,2,0,0,2
83520094,30/11/16,Quarta,14:00:00,RN,101,"101,7",PARNAMIRIM,Não guardar distância de segurança,Colisão traseira,Com Vítimas Feridas,Pleno dia,Crescente,Ceu Claro,Dupla,Reta,Urbano,2,0,1,0,1,0,1,2
83520156,26/11/16,Sábado,19:40:00,RN,101,"106,2",PARNAMIRIM,Falta de atenção,Colisão traseira,Com Vítimas Feridas,Plena noite,Crescente,Ceu Claro,Dupla,Reta,Urbano,2,0,1,0,1,0,1,2
83520165,30/11/16,Quarta,19:15:00,RN,406,"149,5",CEARA-MIRIM,Falta de atenção,Atropelamento de pessoa,Com Vítimas Feridas,Plena noite,Crescente,Ceu Claro,Simples,Reta,Urbano,2,0,0,1,0,1,1,1
83520183,27/11/16,Domingo,05:45:00,RN,406,109,POCO BRANCO,Outras,Colisão frontal,Sem Vítimas,Amanhecer,Crescente,Ceu Claro,Simples,Reta,Rural,2,0,0,0,1,1,0,2
83520196,26/11/16,Sábado,10:25:00,RN,110,49,MOSSORO,Falta de atenção,Colisão lateral,Com Vítimas Feridas,Pleno dia,Decrescente,Ceu Claro,Dupla,Reta,Urbano,3,0,1,1,0,1,2,2
83520218,30/11/16,Quarta,17:30:00,RN,226,"6,8",NATAL,Ultrapassagem indevida,Colisão frontal,Com Vítimas Feridas,Anoitecer,Decrescente,Ceu Claro,Simples,Reta,Urbano,2,0,0,1,0,1,1,2
83520241,30/11/16,Quarta,21:15:00,RN,427,"97,8",CAICO,Não guardar distância de segurança,Colisão traseira,Com Vítimas Feridas,Plena noite,Crescente,Ceu Claro,Simples,Reta,Urbano,2,0,0,1,1,0,1,2
83520258,27/11/16,Domingo,07:30:00,RN,101,104,PARNAMIRIM,Não guardar distância de segurança,Queda de motocicleta / bicicleta / veículo,Com Vítimas Feridas,Pleno dia,Crescente,Ceu Claro,Simples,Curva,Urbano,1,0,1,0,0,0,1,1
83520302,01/12/16,Quinta,08:35:00,RN,101,82,NATAL,Não guardar distância de segurança,Colisão traseira,Com Vítimas Feridas,Pleno dia,Crescente,Ceu Claro,Dupla,Reta,Urbano,2,0,0,1,1,0,1,2
83520350,27/11/16,Domingo,18:30:00,RN,405,"110,8",ITAU,Falta de atenção,Colisão frontal,Sem Vítimas,Plena noite,Crescente,Ceu Claro,Simples,Reta,Rural,3,0,0,0,2,1,0,2
83520552,30/11/16,Quarta,18:30:00,RN,405,"194,8",LUIS GOMES,Outras,Colisão lateral,Com Vítimas Feridas,Anoitecer,Crescente,Ceu Claro,Simples,Curva,Rural,9,0,1,1,6,1,2,3
83520599,29/11/16,Terça,04:00:00,RN,304,"301,8",MACAIBA,Outras,Atropelamento de pessoa,Com Vítimas Fatais,Plena noite,Decrescente,Ceu Claro,Dupla,Reta,Urbano,2,1,0,0,0,1,0,1
83520756,03/12/16,Sábado,03:00:00,RN,406,"127,9",TAIPU,Ingestão de álcool,Capotamento,Sem Vítimas,Plena noite,Decrescente,Ceu Claro,Simples,Reta,Rural,1,0,0,0,1,0,0,1
83521012,03/12/16,Sábado,20:06:00,RN,406,61,JANDAIRA,Ultrapassagem indevida,Colisão frontal,Com Vítimas Fatais,Anoitecer,Decrescente,Ceu Claro,Simples,Reta,Rural,5,2,3,0,0,0,3,2
83521087,30/11/16,Quarta,07:00:00,RN,101,"82,7",SAO GONCALO DO AMARANTE,Falta de atenção,Atropelamento de pessoa,Com Vítimas Feridas,Pleno dia,Crescente,Ceu Claro,Dupla,Reta,Urbano,2,0,1,0,1,0,1,1
83521090,29/11/16,Terça,17:50:00,RN,101,"125,8",SAO JOSE DE MIPIBU,Outras,Colisão traseira,Com Vítimas Feridas,Anoitecer,Crescente,Ceu Claro,Dupla,Reta,Urbano,2,0,1,0,0,1,1,2
83521112,04/12/16,Domingo,09:00:00,RN,101,96,NATAL,Defeito mecânico em veículo,Tombamento,Com Vítimas Feridas,Pleno dia,Decrescente,Ceu Claro,Dupla,Reta,Urbano,2,0,2,0,0,0,2,1
83521142,03/12/16,Sábado,04:10:00,RN,304,46,MOSSORO,Falta de atenção,Colisão Transversal,Com Vítimas Feridas,Amanhecer,Crescente,Ceu Claro,Dupla,Reta,Rural,3,0,1,0,1,1,1,2
83521156,01/12/16,Quinta,11:15:00,RN,110,47,MOSSORO,Outras,Queda de motocicleta / bicicleta / veículo,Com Vítimas Feridas,Pleno dia,Crescente,Sol,Simples,Cruzamento,Urbano,2,0,1,0,1,0,1,2