id,data_inversa,dia_semana,horario,uf,br,km,municipio,causa_acidente,tipo_acidente,classificacao_acidente,fase_dia,sentido_via,condicao_metereologica,tipo_pista,tracado_via,uso_solo,pessoas,mortos,feridos_leves,feridos_graves,ilesos,ignorados,feridos,veiculos
83521234,04/12/16,Domingo,16:30:00,RN,304,283,MACAIBA,Ingestão de álcool,Colisão traseira,Sem Vítimas,Pleno dia,Decrescente,Sol,Simples,Reta,Rural,2,0,0,0,2,0,0,2
83521274,04/12/16,Domingo,21:15:00,RN,101,"112,3",SAO JOSE DE MIPIBU,Animais na Pista,Atropelamento de animal,Com Vítimas Feridas,Plena noite,Crescente,Ceu Claro,Dupla,Reta,Rural,1,0,0,1,0,0,1,1
83521415,02/12/16,Sexta,05:00:00,RN,427,5,CURRAIS NOVOS,Outras,Incêndio,Ignorado,Plena noite,Decrescente,Ceu Claro,Simples,Reta,Rural,1,0,0,0,0,1,0,1
83521435,02/12/16,Sexta,05:15:00,RN,427,36,ACARI,Outras,Incêndio,Ignorado,Plena noite,Crescente,Ceu Claro,Simples,Reta,Rural,1,0,0,0,0,1,0,1
83521507,05/12/16,Segunda,16:00:00,RN,101,106,PARNAMIRIM,Ingestão de álcool,Atropelamento de pessoa,Com Vítimas Feridas,Pleno dia,Crescente,Ceu Claro,Dupla,Reta,Urbano,2,0,1,1,0,0,2,1
83521521,03/12/16,Sábado,15:53:00,RN,101,86,NATAL,Outras,Colisão traseira,Com Vítimas Feridas,Pleno dia,Decrescente,Ceu Claro,Dupla,Reta,Urbano,3,0,2,0,1,0,2,2
83521532,05/12/16,Segunda,14:15:00,RN,101,85,NATAL,Falta de atenção,Colisão lateral,Com Vítimas Feridas,Pleno dia,Decrescente,Ceu Claro,Dupla,Reta,Urbano,2,0,1,0,1,0,1,2
83521565,03/12/16,Sábado,14:40:00,RN,101,107,PARNAMIRIM,Desobediência à sinalização,Colisão Transversal,Com Vítimas Feridas,Pleno dia,Decrescente,Sol,Dupla,Cruzamento,Urbano,4,0,2,0,2,0,2,2
83521648,06/12/16,Terça,07:00:00,RN,226,134,CAMPO REDONDO,Outras,Colisão Transversal,Com Vítimas Feridas,Pleno dia,Decrescente,Nublado,Simples,Reta,Urbano,2,0,0,2,0,0,2,2
83521736,06/12/16,Terça,10:00:00,RN,226,"6,7",NATAL,Falta de atenção,Colisão frontal,Com Vítimas Feridas,Pleno dia,Crescente,Nublado,Simples,Reta,Urbano,5,0,3,1,1,0,4,2
83521790,06/12/16,Terça,14:25:00,RN,101,"83,3",SAO GONCALO DO AMARANTE,Não guardar distância de segurança,Colisão traseira,Com Vítimas Feridas,Pleno dia,Crescente,Sol,Dupla,Reta,Urbano,2,0,1,0,1,0,1,2
83521806,06/12/16,Terça,15:15:00,RN,427,"55,5",JARDIM DO SERIDO,Outras,Colisão Transversal,Com Vítimas Feridas,Pleno dia,Crescente,Ceu Claro,Simples,Curva,Urbano,2,0,2,0,0,0,2,2
83521825,06/12/16,Terça,13:25:00,RN,304,297,MACAIBA,Desobediência à sinalização,Colisão lateral,Com Vítimas Feridas,Pleno dia,Decrescente,Ceu Claro,Dupla,Cruzamento,Urbano,3,0,1,1,0,1,2,2
83521951,07/12/16,Quarta,09:40:00,RN,406,170,NATAL,Outras,Queda de motocicleta / bicicleta / veículo,Com Vítimas Feridas,Pleno dia,Crescente,Ceu Claro,Dupla,Reta,Urbano,1,0,1,0,0,0,1,1
83521956,07/12/16,Quarta,09:35:00,RN,304,"37,9",MOSSORO,Falta de atenção,Colisão traseira,Com Vítimas Feridas,Pleno dia,Crescente,Sol,Dupla,Reta,Urbano,2,0,1,0,1,0,1,2
83522118,07/12/16,Quarta,07:30:00,RN,304,"292,5",MACAIBA,Falta de atenção,Colisão frontal,Sem Vítimas,Pleno dia,Decrescente,Ceu Claro,Simples,Reta,Rural,2,0,0,0,2,0,0,2
83522168,05/12/16,Segunda,07:20:00,RN,226,"173,5",CURRAIS NOVOS,Falta de atenção,Colisão Transversal,Com Vítimas Feridas,Pleno dia,Crescente,Ceu Claro,Simples,Reta,Urbano,2,0,0,1,1,0,1,2
83522256,05/12/16,Segunda,04:00:00,RN,304,"157,1",FERNANDO PEDROZA,Animais na Pista,Atropelamento de animal,Com Vítimas Feridas,Amanhecer,Decrescente,Ceu Claro,Simples,Reta,Rural,1,0,0,1,0,0,1,1
83522269,08/12/16,Quinta,09:00:00,RN,304,"115,9",ASSU,Ultrapassagem indevida,Colisão frontal,Com Vítimas Feridas,Pleno dia,Crescente,Ceu Claro,Dupla,Reta,Rural,6,0,1,1,4,0,2,6
83522270,04/12/16,Domingo,17:00:00,RN,405,"178,6",JOSE DA PENHA,Falta de atenção,Saída de Pista,Com Vítimas Fatais,Pleno dia,Decrescente,Ceu Claro,Simples,Reta,Urbano,3,1,0,2,0,0,2,1
83522306,08/12/16,Quinta,14:50:00,RN,427,"64,3",JARDIM DO SERIDO,Defeito na via,Saída de Pista,Sem Vítimas,Pleno dia,Decrescente,Ceu Claro,Simples,Reta,Rural,1,0,0,0,1,0,0,1
83522331,08/12/16,Quinta,17:55:00,RN,110,"46,9",MOSSORO,Falta de atenção,Colisão lateral,Sem Vítimas,Anoitecer,Decrescente,Ceu Claro,Simples,Cruzamento,Urbano,2,0,0,0,2,0,0,2
83522339,08/12/16,Quinta,16:45:00,RN,110,"44,7",MOSSORO,Desobediência à sinalização,Colisão lateral,Com Vítimas Feridas,Pleno dia,Decrescente,Ceu Claro,Simples,Reta,Urbano,2,0,0,1,1,0,1,2
83522353,08/12/16,Quinta,19:40:00,RN,406,160,CEARA-MIRIM,Falta de atenção,Colisão Transversal,Com Vítimas Feridas,Plena noite,Crescente,Ceu Claro,Simples,Reta,Urbano,2,0,1,0,1,0,1,2
83522364,08/12/16,Quinta,17:00:00,RN,304,129,IPANGUACU,Animais na Pista,Capotamento,Com Vítimas Feridas,Pleno dia,Decrescente,Ceu Claro,Simples,Reta,Rural,5,0,1,0,3,1,1,2
83522531,05/09/16,Segunda,04:20:00,RN,406,104,JOAO CAMARA,Outras,Atropelamento de pessoa,Com Vítimas Feridas,Plena noite,Crescente,Nublado,Simples,Reta,Urbano,2,0,0,1,1,0,1,1
83522559,09/12/16,Sexta,15:30:00,RN,101,106,PARNAMIRIM,Não guardar distância de segurança,Colisão traseira,Sem Vítimas,Pleno dia,Decrescente,Ceu Claro,Dupla,Reta,Urbano,6,0,0,0,6,0,0,6
83522734,10/12/16,Sábado,01:50:00,RN,101,149,GOIANINHA,Defeito mecânico em veículo,Saída de Pista,Sem Vítimas,Plena noite,Decrescente,Ceu Claro,Múltipla,Curva,Urbano,1,0,0,0,1,0,0,1
83522870,20/11/16,Domingo,15:30:00,RN,101,109,PARNAMIRIM,Outras,Queda de motocicleta / bicicleta / veículo,Com Vítimas Feridas,Pleno dia,Decrescente,Sol,Dupla,Reta,Rural,2,0,2,0,0,0,2,1
83523111,07/12/16,Quarta,12:20:00,RN,226,"36,1",MACAIBA,Ultrapassagem indevida,Colisão frontal,Com Vítimas Fatais,Pleno dia,Crescente,Ceu Claro,Simples,Reta,Rural,4,1,3,0,0,0,3,2
83523238,11/12/16,Domingo,14:40:00,RN,101,174,CANGUARETAMA,Dormindo,Saída de Pista,Com Vítimas Feridas,Pleno dia,Decrescente,Ceu Claro,Dupla,Reta,Rural,2,0,2,0,0,0,2,1
83523254,11/12/16,Domingo,18:30:00,RN,226,82,TANGARA,Ultrapassagem indevida,Colisão lateral,Com Vítimas Feridas,Plena noite,Crescente,Ceu Claro,Simples,Curva,Urbano,2,0,1,1,0,0,2,2
83523286,11/12/16,Domingo,20:10:00,RN,101,73,EXTREMOZ,Ultrapassagem indevida,Colisão frontal,Com Vítimas Fatais,Plena noite,Decrescente,Ceu Claro,Simples,Reta,Rural,2,1,0,0,1,0,0,2
83523570,08/12/16,Quinta,03:30:00,RN,304,"289,8",MACAIBA,Dormindo,Capotamento,Sem Vítimas,Plena noite,Crescente,Ceu Claro,Simples,Reta,Rural,1,0,0,0,1,0,0,1
83523702,01/11/16,Terça,17:30:00,RN,226,"3,9",NATAL,Outras,Colisão Transversal,Com Vítimas Feridas,Anoitecer,Crescente,Ceu Claro,Simples,Reta,Urbano,2,0,1,0,1,0,1,2
83523723,10/12/16,Sábado,05:20:00,RN,101,"106,6",PARNAMIRIM,Outras,Colisão com bicicleta,Com Vítimas Feridas,Amanhecer,Crescente,Ceu Claro,Dupla,Reta,Urbano,2,0,1,0,1,0,1,2
83523909,09/12/16,Sexta,19:30:00,RN,427,"98,5",CAICO,Falta de atenção,Colisão Transversal,Com Vítimas Feridas,Plena noite,Crescente,Ceu Claro,Simples,Reta,Urbano,3,0,1,0,2,0,1,2
83524021,14/12/16,Quarta,09:45:00,RN,101,123,SAO JOSE DE MIPIBU,Outras,Queda de motocicleta / bicicleta / veículo,Com Vítimas Feridas,Pleno dia,Decrescente,Ceu Claro,Dupla,Reta,Urbano,1,0,1,0,0,0,1,1
83524115,14/12/16,Quarta,08:15:00,RN,101,96,NATAL,Não guardar distância de segurança,Colisão traseira,Sem Vítimas,Pleno dia,Decrescente,Ceu Claro,Dupla,Cruzamento,Urbano,2,0,0,0,2,0,0,2
83524155,14/12/16,Quarta,18:25:00,RN,406,168,SAO GONCALO DO AMARANTE,Falta de atenção,Colisão Transversal,Com Vítimas Feridas,Plena noite,Decrescente,Ceu Claro,Dupla,Reta,Urbano,3,0,1,0,2,0,1,2
83524564,15/12/16,Quinta,06:30:00,RN,304,259,SANTA MARIA,Não guardar distância de segurança,Colisão traseira,Com Vítimas Feridas,Pleno dia,Crescente,Ceu Claro,Simples,Reta,Rural,3,0,1,0,2,0,1,2
83524657,16/12/16,Sexta,06:00:00,RN,110,"115,5",CAMPO GRANDE,Outras,Capotamento,Com Vítimas Feridas,Pleno dia,Decrescente,Ceu Claro,Simples,Reta,Rural,2,0,1,0,0,1,1,2
83524732,16/12/16,Sexta,18:00:00,RN,406,169,SAO GONCALO DO AMARANTE,Outras,Colisão traseira,Sem Vítimas,Plena noite,Decrescente,Ceu Claro,Dupla,Reta,Urbano,2,0,0,0,2,0,0,2
83524838,16/12/16,Sexta,16:10:00,RN,226,116,SANTA CRUZ,Defeito na via,Capotamento,Com Vítimas Feridas,Pleno dia,Decrescente,Ceu Claro,Simples,Reta,Rural,1,0,0,1,0,0,1,1
83524879,17/12/16,Sábado,01:34:00,RN,427,99,CAICO,Ingestão de álcool,Saída de Pista,Com Vítimas Feridas,Plena noite,Crescente,Nublado,Simples,Reta,Urbano,1,0,0,1,0,0,1,1
83524944,17/12/16,Sábado,09:45:00,RN,427,100,CAICO,Outras,Colisão Transversal,Com Vítimas Feridas,Pleno dia,Decrescente,Ceu Claro,Simples,Reta,Urbano,2,0,0,1,1,0,1,2
83524964,17/12/16,Sábado,08:05:00,RN,101,"107,5",PARNAMIRIM,Desobediência à sinalização,Colisão Transversal,Com Vítimas Feridas,Pleno dia,Decrescente,Ceu Claro,Dupla,Reta,Urbano,2,0,1,0,1,0,1,2
83524970,17/12/16,Sábado,13:30:00,RN,101,"97,6",NATAL,Outras,Colisão lateral,Com Vítimas Feridas,Pleno dia,Crescente,Ceu Claro,Dupla,Reta,Urbano,2,0,1,0,1,0,1,2
83525039,17/12/16,Sábado,13:05:00,RN,101,107,PARNAMIRIM,Falta de atenção,Colisão Transversal,Com Vítimas Feridas,Pleno dia,Crescente,Ceu Claro,Dupla,Reta,Urbano,2,0,1,0,1,0,1,2
83525272,11/12/16,Domingo,20:10:00,RN,110,49,MOSSORO,Outras,Colisão lateral,Com Vítimas Feridas,Plena noite,Decrescente,Ceu Claro,Múltipla,Reta,Urbano,2,0,1,0,0,1,1,2
83525307,18/12/16,Domingo,14:30:00,RN,101,"82,7",SAO GONCALO DO AMARANTE,Falta de atenção,Colisão traseira,Sem Vítimas,Pleno dia,Crescente,Ceu Claro,Dupla,Reta,Urbano,4,0,0,0,4,0,0,4
83525380,18/12/16,Domingo,19:42:00,RN,101,"79,2",SAO GONCALO DO AMARANTE,Outras,Atropelamento de pessoa,Com Vítimas Feridas,Plena noite,Crescente,Nublado,Dupla,Reta,Urbano,2,0,0,1,1,0,1,1
83525382,18/12/16,Domingo,19:45:00,RN,304,"36,5",MOSSORO,Outras,Colisão Transversal,Com Vítimas Feridas,Plena noite,Crescente,Chuva,Dupla,Reta,Rural,2,0,0,1,1,0,1,2
83525387,18/12/16,Domingo,20:30:00,RN,304,"110,1",ASSU,Outras,Colisão frontal,Com Vítimas Fatais,Plena noite,Decrescente,Chuva,Simples,Reta,Rural,2,1,0,0,1,0,0,2
83525499,15/12/16,Quinta,11:40:00,RN,304,196,LAJES,Dormindo,Saída de Pista,Com Vítimas Feridas,Pleno dia,Crescente,Sol,Simples,Reta,Rural,1,0,1,0,0,0,1,1
83525528,19/12/16,Segunda,06:30:00,RN,101,"62,2",EXTREMOZ,Defeito mecânico em veículo,Colisão frontal,Com Vítimas Fatais,Pleno dia,Decrescente,Nublado,Simples,Reta,Urbano,5,1,4,0,0,0,4,2
83525752,20/12/16,Terça,07:00:00,RN,304,"46,5",MOSSORO,Falta de atenção,Colisão Transversal,Com Vítimas Feridas,Pleno dia,Decrescente,Ceu Claro,Dupla,Reta,Rural,2,0,0,2,0,0,2,2
83525753,19/12/16,Segunda,00:30:00,RN,304,59,MOSSORO,Animais na Pista,Capotamento,Com Vítimas Feridas,Plena noite,Decrescente,Nublado,Simples,Reta,Rural,1,0,1,0,0,0,1,1
83525780,13/12/16,Terça,05:20:00,RN,304,"286,8",MACAIBA,Outras,Colisão traseira,Com Vítimas Feridas,Amanhecer,Decrescente,Ceu Claro,Simples,Reta,Rural,5,0,0,1,3,1,1,4
83525849,20/12/16,Terça,09:53:00,RN,226,"0,6",NATAL,Falta de atenção,Colisão lateral,Com Vítimas Feridas,Pleno dia,Crescente,Nublado,Dupla,Reta,Urbano,2,0,1,0,1,0,1,2
83525891,19/12/16,Segunda,22:15:00,RN,101,80,NATAL,Falta de atenção,Atropelamento de pessoa,Com Vítimas Feridas,Plena noite,Crescente,Ceu Claro,Dupla,Reta,Urbano,2,0,0,2,0,0,2,1
83525901,20/12/16,Terça,18:10:00,RN,304,"0,3",MOSSORO,Outras,Colisão lateral,Com Vítimas Feridas,Plena noite,Crescente,Ceu Claro,Dupla,Reta,Urbano,2,0,1,0,1,0,1,2
83525905,20/12/16,Terça,18:20:00,RN,101,79,NATAL,Outras,Colisão traseira,Com Vítimas Feridas,Anoitecer,Crescente,Vento,Dupla,Reta,Urbano,2,0,1,0,1,0,1,2
83526034,17/12/16,Sábado,13:10:00,RN,226,"10,2",MACAIBA,Defeito mecânico em veículo,Colisão lateral,Com Vítimas Feridas,Pleno dia,Crescente,Ceu Claro,Simples,Curva,Urbano,2,0,0,1,1,0,1,2
83526046,18/12/16,Domingo,13:00:00,RN,304,292,NATAL,Outras,Colisão traseira,Com Vítimas Feridas,Pleno dia,Decrescente,Sol,Simples,Reta,Rural,2,0,1,0,1,0,1,2
83526072,18/12/16,Domingo,05:30:00,RN,427,19,ACARI,Dormindo,Capotamento,Com Vítimas Fatais,Amanhecer,Crescente,Ceu Claro,Simples,Reta,Rural,1,1,0,0,0,0,0,1
83526087,21/12/16,Quarta,10:27:00,RN,101,"71,3",CEARA-MIRIM,Falta de atenção,Colisão Transversal,Com Vítimas Feridas,Pleno dia,Crescente,Ceu Claro,Simples,Reta,Rural,2,0,0,1,1,0,1,2
83526187,21/12/16,Quarta,17:40:00,RN,110,"47,8",MOSSORO,Outras,Colisão lateral,Com Vítimas Fatais,Anoitecer,Crescente,Nublado,Simples,Reta,Urbano,2,1,0,0,0,1,0,2
83526355,18/12/16,Domingo,07:55:00,RN,101,79,SAO GONCALO DO AMARANTE,Outras,Queda de motocicleta / bicicleta / veículo,Com Vítimas Feridas,Pleno dia,Decrescente,Sol,Dupla,Reta,Urbano,1,0,1,0,0,0,1,1
83526384,22/12/16,Quinta,10:30:00,RN,304,"207,6",LAJES,Ultrapassagem indevida,Colisão frontal,Sem Vítimas,Pleno dia,Crescente,Chuva,Simples,Reta,Rural,2,0,0,0,2,0,0,2
83526475,22/12/16,Quinta,13:50:00,RN,427,"24,3",ACARI,Outras,Capotamento,Com Vítimas Feridas,Pleno dia,Crescente,Ceu Claro,Simples,Curva,Rural,1,0,1,0,0,0,1,1
83526725,17/12/16,Sábado,21:30:00,RN,304,"33,4",MOSSORO,Defeito na via,Saída de Pista,Com Vítimas Feridas,Pleno dia,Crescente,Chuva,Dupla,Reta,Urbano,1,0,1,0,0,0,1,1
83526785,19/12/16,Segunda,10:20:00,RN,101,158,CANGUARETAMA,Desobediência à sinalização,Colisão traseira,Com Vítimas Feridas,Pleno dia,Crescente,Ceu Claro,Dupla,Reta,Rural,2,0,1,0,1,0,1,2
83526871,21/12/16,Quarta,10:50:00,RN,110,"72,1",MOSSORO,Defeito mecânico em veículo,Capotamento,Com Vítimas Feridas,Pleno dia,Crescente,Sol,Simples,Reta,Rural,2,0,2,0,0,0,2,1
83527073,24/12/16,Sábado,06:47:00,RN,304,"29,9",MOSSORO,Falta de atenção,Colisão lateral,Com Vítimas Feridas,Pleno dia,Decrescente,Ceu Claro,Simples,Reta,Rural,3,0,1,1,1,0,2,2
83527264,19/12/16,Segunda,03:50:00,RN,406,"156,5",CEARA-MIRIM,Outras,Colisão frontal,Com Vítimas Fatais,Plena noite,Decrescente,Ceu Claro,Simples,Reta,Rural,3,1,0,0,2,0,0,3
83527265,24/12/16,Sábado,19:10:00,RN,226,"162,7",CURRAIS NOVOS,Falta de atenção,Colisão Transversal,Com Vítimas Feridas,Plena noite,Crescente,Ceu Claro,Simples,Reta,Rural,2,0,1,0,1,0,1,2
83527295,24/12/16,Sábado,16:30:00,RN,226,"403,2",PAU DOS FERROS,Outras,Saída de Pista,Com Vítimas Fatais,Pleno dia,Decrescente,Ceu Claro,Simples,Reta,Rural,2,1,0,1,0,0,1,1
83527298,24/12/16,Sábado,20:30:00,RN,304,"38,8",MOSSORO,Outras,Colisão lateral,Com Vítimas Fatais,Plena noite,Crescente,Ceu Claro,Dupla,Reta,Urbano,2,1,0,0,0,1,0,2
83527703,23/12/16,Sexta,03:30:00,RN,304,"219,9",CAICARA DO RIO DO VENTO,Falta de atenção,Atropelamento de pessoa,Com Vítimas Fatais,Plena noite,Crescente,Nublado,Simples,Reta,Urbano,2,1,0,0,0,1,0,1
83527777,26/12/16,Segunda,07:15:00,RN,101,79,SAO GONCALO DO AMARANTE,Falta de atenção,Colisão traseira,Com Vítimas Feridas,Pleno dia,Crescente,Ceu Claro,Dupla,Reta,Urbano,2,0,1,0,1,0,1,2
83527985,23/12/16,Sexta,20:45:00,RN,226,"64,5",SERRA CAIADA,Outras,Colisão frontal,Com Vítimas Feridas,Plena noite,Crescente,Ceu Claro,Simples,Reta,Rural,2,0,1,0,1,0,1,2
83528052,25/12/16,Domingo,16:30:00,RN,304,"289,4",MACAIBA,Não guardar distância de segurança,Colisão traseira,Com Vítimas Feridas,Pleno dia,Crescente,Ceu Claro,Simples,Reta,Rural,4,0,2,0,2,0,2,2
83528222,27/12/16,Terça,17:20:00,RN,101,101,PARNAMIRIM,Não guardar distância de segurança,Colisão traseira,Sem Vítimas,Pleno dia,Decrescente,Ceu Claro,Múltipla,Reta,Urbano,3,0,0,0,3,0,0,2
83528237,27/12/16,Terça,23:20:00,RN,406,167,CEARA-MIRIM,Outras,Saída de Pista,Com Vítimas Fatais,Plena noite,Decrescente,Ceu Claro,Simples,Reta,Urbano,1,1,0,0,0,0,0,1
83528413,28/12/16,Quarta,14:00:00,RN,226,75,SERRA CAIADA,Velocidade incompatível,Capotamento,Com Vítimas Feridas,Pleno dia,Crescente,Chuva,Simples,Reta,Rural,1,0,1,0,0,0,1,1
83528451,28/12/16,Quarta,15:00:00,RN,101,107,PARNAMIRIM,Desobediência à sinalização,Colisão com bicicleta,Com Vítimas Feridas,Pleno dia,Decrescente,Ceu Claro,Dupla,Reta,Urbano,2,0,1,0,0,1,1,2
83528470,19/12/16,Segunda,15:00:00,RN,406,100,JOAO CAMARA,Falta de atenção,Colisão traseira,Sem Vítimas,Pleno dia,Decrescente,Ceu Claro,Simples,Curva,Rural,2,0,0,0,2,0,0,2
83528509,28/12/16,Quarta,21:05:00,RN,101,"79,7",NATAL,Velocidade incompatível,Colisão traseira,Com Vítimas Feridas,Plena noite,Crescente,Chuva,Dupla,Reta,Urbano,2,0,0,1,1,0,1,2
83528510,28/12/16,Quarta,16:30:00,RN,101,70,EXTREMOZ,Falta de atenção,Colisão lateral,Com Vítimas Feridas,Pleno dia,Crescente,Ceu Claro,Simples,Reta,Rural,2,0,1,0,1,0,1,2
83528537,29/12/16,Quinta,01:10:00,RN,406,167,SAO GONCALO DO AMARANTE,Outras,Queda de motocicleta / bicicleta / veículo,Com Vítimas Feridas,Plena noite,Crescente,Chuva,Dupla,Reta,Urbano,1,0,0,1,0,0,1,1
83528538,28/12/16,Quarta,14:00:00,RN,101,99,NATAL,Não guardar distância de segurança,Colisão traseira,Com Vítimas Feridas,Pleno dia,Decrescente,Nublado,Dupla,Reta,Urbano,2,0,0,1,1,0,1,2
83528540,28/12/16,Quarta,16:00:00,RN,226,2,NATAL,Não guardar distância de segurança,Colisão traseira,Com Vítimas Feridas,Pleno dia,Decrescente,Nublado,Simples,Cruzamento,Urbano,5,0,1,1,3,0,2,4
83528587,25/12/16,Domingo,11:50:00,RN,101,103,PARNAMIRIM,Ingestão de álcool,Colisão traseira,Sem Vítimas,Pleno dia,Crescente,Ceu Claro,Dupla,Reta,Urbano,2,0,0,0,2,0,0,2
83528674,25/12/16,Domingo,20:00:00,RN,226,"74,2",SERRA CAIADA,Outras,Capotamento,Com Vítimas Feridas,Plena noite,Crescente,Ceu Claro,Simples,Reta,Rural,3,0,0,1,2,0,1,2
83528723,25/12/16,Domingo,13:20:00,RN,101,105,PARNAMIRIM,Ingestão de álcool,Colisão Transversal,Com Vítimas Feridas,Pleno dia,Crescente,Ceu Claro,Dupla,Reta,Urbano,2,0,1,0,0,1,1,2
83528793,21/12/16,Quarta,19:40:00,RN,101,"107,2",PARNAMIRIM,Não guardar distância de segurança,Saída de Pista,Com Vítimas Feridas,Plena noite,Decrescente,Chuva,Dupla,Reta,Urbano,1,0,1,0,0,0,1,1
83528971,30/12/16,Sexta,10:20:00,RN,304,"46,3",MOSSORO,Falta de atenção,Colisão Transversal,Com Vítimas Feridas,Pleno dia,Crescente,Ceu Claro,Dupla,Curva,Urbano,3,0,2,0,1,0,2,2
83529146,30/12/16,Sexta,18:30:00,RN,427,"1,2",CURRAIS NOVOS,Animais na Pista,Atropelamento de animal,Com Vítimas Feridas,Plena noite,Decrescente,Ceu Claro,Simples,Reta,Urbano,1,0,1,0,0,0,1,1
83529159,31/12/16,Sábado,00:55:00,RN,101,"111,6",PARNAMIRIM,Velocidade incompatível,Capotamento,Com Vítimas Feridas,Plena noite,Decrescente,Ceu Claro,Dupla,Reta,Rural,1,0,1,0,0,0,1,1
83529342,31/12/16,Sábado,13:40:00,RN,304,"302,1",MACAIBA,Falta de atenção,Atropelamento de pessoa,Com Vítimas Fatais,Pleno dia,Decrescente,Ceu Claro,Dupla,Reta,Urbano,2,1,0,0,1,0,0,1
83529508,06/10/16,Quinta,18:00:00,RN,406,107,JOAO CAMARA,Animais na Pista,Atropelamento de animal,Com Vítimas Feridas,Anoitecer,Crescente,Ceu Claro,Simples,Reta,Rural,1,0,0,1,0,0,1,1
83529575,28/12/16,Quarta,11:15:00,RN,101,83,NATAL,Falta de atenção,Atropelamento de pessoa,Com Vítimas Feridas,Pleno dia,Decrescente,Ceu Claro,Simples,Reta,Urbano,2,0,1,0,1,0,1,1
83529587,30/12/16,Sexta,11:10:00,RN,304,32,MOSSORO,Falta de atenção,Colisão Transversal,Com Vítimas Feridas,Pleno dia,Decrescente,Ceu Claro,Dupla,Cruzamento,Urbano,2,0,2,0,0,0,2,2
83529588,30/12/16,Sexta,13:30:00,RN,110,"119,1",CAMPO GRANDE,Defeito mecânico em veículo,Incêndio,Com Vítimas Feridas,Pleno dia,Crescente,Ceu Claro,Simples,Reta,Rural,1,0,1,0,0,0,1,1
83529604,31/12/16,Sábado,01:00:00,RN,101,"123,7",SAO JOSE DE MIPIBU,Outras,Atropelamento de pessoa,Com Vítimas Fatais,Plena noite,Decrescente,Ceu Claro,Simples,Reta,Urbano,2,1,0,0,0,1,0,1
83529651,31/12/16,Sábado,19:40:00,RN,110,"63,8",MOSSORO,Animais na Pista,Capotamento,Sem Vítimas,Plena noite,Decrescente,Ceu Claro,Simples,Reta,Rural,1,0,0,0,1,0,0,1
83529653,28/12/16,Quarta,10:02:00,RN,101,83,SAO GONCALO DO AMARANTE,Outras,Colisão lateral,Sem Vítimas,Pleno dia,Crescente,Sol,Dupla,Cruzamento,Urbano,2,0,0,0,2,0,0,2
83529659,26/12/16,Segunda,19:40:00,RN,226,9,MACAIBA,Velocidade incompatível,Colisão Transversal,Com Vítimas Feridas,Plena noite,Crescente,Ceu Claro,Simples,Curva,Urbano,2,0,0,1,1,0,1,2
83529661,26/12/16,Segunda,02:05:00,RN,304,"31,2",MOSSORO,Animais na Pista,Capotamento,Com Vítimas Feridas,Plena noite,Crescente,Ceu Claro,Simples,Reta,Urbano,4,0,2,0,2,0,2,1
83529674,31/12/16,Sábado,14:50:00,RN,110,45,MOSSORO,Desobediência à sinalização,Colisão Transversal,Com Vítimas Feridas,Pleno dia,Decrescente,Ceu Claro,Simples,Reta,Urbano,3,0,1,1,1,0,2,2
83529693,29/12/16,Quinta,16:50:00,RN,101,"84,4",SAO GONCALO DO AMARANTE,Outras,Colisão traseira,Com Vítimas Feridas,Pleno dia,Crescente,Ceu Claro,Simples,Reta,Urbano,4,0,1,0,3,0,1,4
83529709,04/12/16,Domingo,18:10:00,RN,304,33,MOSSORO,Ingestão de álcool,Colisão traseira,Com Vítimas Feridas,Plena noite,Crescente,Ceu Claro,Dupla,Reta,Urbano,2,0,1,0,1,0,1,2
83529726,11/10/16,Terça,11:40:00,RN,405,140,SAO FRANCISCO DO OESTE,Outras,Colisão com objeto fixo,Com Vítimas Fatais,Pleno dia,Crescente,Ceu Claro,Simples,Reta,Rural,3,1,0,1,1,0,1,2
83529739,02/06/16,Quinta,13:20:00,RN,406,"131,8",TAIPU,Outras,Colisão frontal,Com Vítimas Fatais,Pleno dia,Crescente,Sol,Simples,Reta,Rural,7,1,4,2,0,0,6,2
83529787,28/09/16,Quarta,08:40:00,RN,304,"306,5",PARNAMIRIM,Outras,Colisão traseira,Sem Vítimas,Pleno dia,Crescente,Ceu Claro,Dupla,Reta,Urbano,2,0,0,0,2,0,0,2
83529822,29/12/16,Quinta,12:50:00,RN,406,"171,1",SAO GONCALO DO AMARANTE,Outras,Colisão Transversal,Com Vítimas Feridas,Pleno dia,Crescente,Ceu Claro,Dupla,Reta,Urbano,3,0,2,0,1,0,2,2